
[02:25:13 UTC] [INFO] Checking if plugin directory clearing is needed
[02:38:28 UTC] [SUCCESS] {"required_plugins":{"active":[{"name":"WooCommerce","slug":"woocommerce","init":"woocommerce\/woocommerce.php"}],"inactive":[],"notinstalled":[{"name":"Elementor","slug":"elementor","init":"elementor\/elementor.php","action":"http:\/\/localhost\/wp_site\/wp-admin\/update.php?action=install-plugin&plugin=elementor&_wpnonce=1ed9ab696f"},{"name":"SureForms","slug":"sureforms","init":"sureforms\/sureforms.php","action":"http:\/\/localhost\/wp_site\/wp-admin\/update.php?action=install-plugin&plugin=sureforms&_wpnonce=ec3cd4fec9"},{"name":"Ultimate Addons for Elementor Lite","slug":"header-footer-elementor","init":"header-footer-elementor\/header-footer-elementor.php","action":"http:\/\/localhost\/wp_site\/wp-admin\/update.php?action=install-plugin&plugin=header-footer-elementor&_wpnonce=4f1ab25603"},{"name":"SureRank","slug":"surerank","init":"surerank\/surerank.php","action":"http:\/\/localhost\/wp_site\/wp-admin\/update.php?action=install-plugin&plugin=surerank&_wpnonce=299abf41be"},{"name":"SureCookie","slug":"surecookie","init":"surecookie\/surecookie.php","action":"http:\/\/localhost\/wp_site\/wp-admin\/update.php?action=install-plugin&plugin=surecookie&_wpnonce=701cb17299"},{"name":"SureTriggers","slug":"suretriggers","init":"suretriggers\/suretriggers.php","action":"http:\/\/localhost\/wp_site\/wp-admin\/update.php?action=install-plugin&plugin=suretriggers&_wpnonce=b08892cae9"}]},"third_party_required_plugins":[],"update_avilable_plugins":[],"incompatible_plugins":[],"error":false} | Context: {"required_plugins":{"active":[{"name":"WooCommerce","slug":"woocommerce","init":"woocommerce\/woocommerce.php"}],"inactive":[],"notinstalled":[{"name":"Elementor","slug":"elementor","init":"elementor\/elementor.php","action":"http:\/\/localhost\/wp_site\/wp-admin\/update.php?action=install-plugin&plugin=elementor&_wpnonce=1ed9ab696f"},{"name":"SureForms","slug":"sureforms","init":"sureforms\/sureforms.php","action":"http:\/\/localhost\/wp_site\/wp-admin\/update.php?action=install-plugin&plugin=sureforms&_wpnonce=ec3cd4fec9"},{"name":"Ultimate Addons for Elementor Lite","slug":"header-footer-elementor","init":"header-footer-elementor\/header-footer-elementor.php","action":"http:\/\/localhost\/wp_site\/wp-admin\/update.php?action=install-plugin&plugin=header-footer-elementor&_wpnonce=4f1ab25603"},{"name":"SureRank","slug":"surerank","init":"surerank\/surerank.php","action":"http:\/\/localhost\/wp_site\/wp-admin\/update.php?action=install-plugin&plugin=surerank&_wpnonce=299abf41be"},{"name":"SureCookie","slug":"surecookie","init":"surecookie\/surecookie.php","action":"http:\/\/localhost\/wp_site\/wp-admin\/update.php?action=install-plugin&plugin=surecookie&_wpnonce=701cb17299"},{"name":"SureTriggers","slug":"suretriggers","init":"suretriggers\/suretriggers.php","action":"http:\/\/localhost\/wp_site\/wp-admin\/update.php?action=install-plugin&plugin=suretriggers&_wpnonce=b08892cae9"}]},"third_party_required_plugins":[],"update_avilable_plugins":[],"incompatible_plugins":[],"error":false}
[02:38:29 UTC] [INFO] Starting import process | Context: {"template_type":"ai","uuid":"0b8ed597-4447-4100-a522-ddf3c330a1a2"}
[02:38:29 UTC] [INFO] AI import started flag set | Context: {"uuid":"0b8ed597-4447-4100-a522-ddf3c330a1a2"}
[02:38:29 UTC] [SUCCESS] {"permissions":{"is_readable":true,"is_writable":true,"is_wp_filesystem":true},"directory":"C:\\xampp\\htdocs\\wp_site\/wp-content\/uploads"} | Context: {"permissions":{"is_readable":true,"is_writable":true,"is_wp_filesystem":true},"directory":"C:\\xampp\\htdocs\\wp_site\/wp-content\/uploads"}
[02:38:29 UTC] [INFO] Started Import Process
[02:38:29 UTC] [INFO] # System Details: 
[02:38:29 UTC] [INFO] Debug Mode 		: Disabled
[02:38:29 UTC] [INFO] Operating System 	: WINNT
[02:38:29 UTC] [INFO] Software 		: Apache/2.4.58 (Win64) OpenSSL/3.1.3 PHP/8.0.30
[02:38:29 UTC] [INFO] MySQL version 		: 10.4.32
[02:38:29 UTC] [INFO] XML Reader 		: Yes
[02:38:29 UTC] [INFO] PHP Version 		: 8.0.30
[02:38:29 UTC] [INFO] PHP Max Input Vars 	: 1000
[02:38:29 UTC] [INFO] PHP Max Post Size 	: 40M
[02:38:29 UTC] [INFO] PHP Extension GD 	: No
[02:38:29 UTC] [INFO] PHP Max Execution Time 	: 120
[02:38:29 UTC] [INFO] Max Upload Size 	: 40 MB
[02:38:29 UTC] [INFO] Memory Limit 		: Current memory limit 40M. We recommend setting memory to at least 64M.
[02:38:29 UTC] [INFO] Timezone 		: 0
[02:38:29 UTC] [INFO] 
-----

[02:38:29 UTC] [INFO] Importing Started! - 02:38:29 UTC
[02:38:29 UTC] [INFO] ---

[02:38:29 UTC] [INFO] WHY IMPORT PROCESS CAN FAIL? READ THIS - 
[02:38:29 UTC] [INFO] https://wpastra.com/docs/?p=1314&utm_source=demo-import-panel&utm_campaign=import-error&utm_medium=wp-dashboard

[02:38:29 UTC] [INFO] ---

[02:38:29 UTC] [SUCCESS] Import process start flag set successfully | Context: {"template_type":"ai"}
[02:38:33 UTC] [SUCCESS] {"required_plugins":{"active":[{"name":"WooCommerce","slug":"woocommerce","init":"woocommerce\/woocommerce.php"}],"inactive":[],"notinstalled":[{"name":"Elementor","slug":"elementor","init":"elementor\/elementor.php","action":"http:\/\/localhost\/wp_site\/wp-admin\/update.php?action=install-plugin&plugin=elementor&_wpnonce=1ed9ab696f"},{"name":"SureForms","slug":"sureforms","init":"sureforms\/sureforms.php","action":"http:\/\/localhost\/wp_site\/wp-admin\/update.php?action=install-plugin&plugin=sureforms&_wpnonce=ec3cd4fec9"},{"name":"Ultimate Addons for Elementor Lite","slug":"header-footer-elementor","init":"header-footer-elementor\/header-footer-elementor.php","action":"http:\/\/localhost\/wp_site\/wp-admin\/update.php?action=install-plugin&plugin=header-footer-elementor&_wpnonce=4f1ab25603"},{"name":"SureRank","slug":"surerank","init":"surerank\/surerank.php","action":"http:\/\/localhost\/wp_site\/wp-admin\/update.php?action=install-plugin&plugin=surerank&_wpnonce=299abf41be"},{"name":"SureCookie","slug":"surecookie","init":"surecookie\/surecookie.php","action":"http:\/\/localhost\/wp_site\/wp-admin\/update.php?action=install-plugin&plugin=surecookie&_wpnonce=701cb17299"},{"name":"SureTriggers","slug":"suretriggers","init":"suretriggers\/suretriggers.php","action":"http:\/\/localhost\/wp_site\/wp-admin\/update.php?action=install-plugin&plugin=suretriggers&_wpnonce=b08892cae9"}]},"third_party_required_plugins":[],"update_avilable_plugins":[],"incompatible_plugins":[],"error":false} | Context: {"required_plugins":{"active":[{"name":"WooCommerce","slug":"woocommerce","init":"woocommerce\/woocommerce.php"}],"inactive":[],"notinstalled":[{"name":"Elementor","slug":"elementor","init":"elementor\/elementor.php","action":"http:\/\/localhost\/wp_site\/wp-admin\/update.php?action=install-plugin&plugin=elementor&_wpnonce=1ed9ab696f"},{"name":"SureForms","slug":"sureforms","init":"sureforms\/sureforms.php","action":"http:\/\/localhost\/wp_site\/wp-admin\/update.php?action=install-plugin&plugin=sureforms&_wpnonce=ec3cd4fec9"},{"name":"Ultimate Addons for Elementor Lite","slug":"header-footer-elementor","init":"header-footer-elementor\/header-footer-elementor.php","action":"http:\/\/localhost\/wp_site\/wp-admin\/update.php?action=install-plugin&plugin=header-footer-elementor&_wpnonce=4f1ab25603"},{"name":"SureRank","slug":"surerank","init":"surerank\/surerank.php","action":"http:\/\/localhost\/wp_site\/wp-admin\/update.php?action=install-plugin&plugin=surerank&_wpnonce=299abf41be"},{"name":"SureCookie","slug":"surecookie","init":"surecookie\/surecookie.php","action":"http:\/\/localhost\/wp_site\/wp-admin\/update.php?action=install-plugin&plugin=surecookie&_wpnonce=701cb17299"},{"name":"SureTriggers","slug":"suretriggers","init":"suretriggers\/suretriggers.php","action":"http:\/\/localhost\/wp_site\/wp-admin\/update.php?action=install-plugin&plugin=suretriggers&_wpnonce=b08892cae9"}]},"third_party_required_plugins":[],"update_avilable_plugins":[],"incompatible_plugins":[],"error":false}
[02:38:34 UTC] [SUCCESS] {"permissions":{"is_readable":true,"is_writable":true,"is_wp_filesystem":true},"directory":"C:\\xampp\\htdocs\\wp_site\/wp-content\/uploads"} | Context: {"permissions":{"is_readable":true,"is_writable":true,"is_wp_filesystem":true},"directory":"C:\\xampp\\htdocs\\wp_site\/wp-content\/uploads"}
[02:38:35 UTC] [INFO] Checking if plugin directory clearing is needed
[02:38:35 UTC] [INFO] Plugin install clear directory - Not an Astra Sites request, skipping
[02:39:05 UTC] [SUCCESS] Plugin Activated | Context: {"success":true,"status":"activated","message":"Plugin Activated"}
[02:39:06 UTC] [INFO] Checking if plugin directory clearing is needed
[02:39:06 UTC] [INFO] Plugin install clear directory - Not an Astra Sites request, skipping
[02:39:18 UTC] [SUCCESS] Plugin Activated | Context: {"success":true,"status":"activated","message":"Plugin Activated"}
[02:39:19 UTC] [INFO] Checking if plugin directory clearing is needed
[02:39:19 UTC] [INFO] Plugin install clear directory - Not an Astra Sites request, skipping
[02:39:30 UTC] [SUCCESS] Plugin Activated | Context: {"success":true,"status":"activated","message":"Plugin Activated"}
[02:39:31 UTC] [INFO] Checking if plugin directory clearing is needed
[02:39:31 UTC] [INFO] Plugin install clear directory - Not an Astra Sites request, skipping
[02:39:43 UTC] [SUCCESS] Plugin Activated | Context: {"success":true,"status":"activated","message":"Plugin Activated"}
[02:39:44 UTC] [INFO] Checking if plugin directory clearing is needed
[02:39:44 UTC] [INFO] Plugin install clear directory - Not an Astra Sites request, skipping
[02:39:53 UTC] [SUCCESS] Plugin Activated | Context: {"success":true,"status":"activated","message":"Plugin Activated"}
[02:39:54 UTC] [INFO] Checking if plugin directory clearing is needed
[02:39:54 UTC] [INFO] Plugin install clear directory - Not an Astra Sites request, skipping
[02:40:12 UTC] [SUCCESS] Plugin Activated | Context: {"success":true,"status":"activated","message":"Plugin Activated"}
[02:40:28 UTC] [INFO] ---

[02:40:28 UTC] [INFO] Starting import customizer settings
[02:40:28 UTC] [INFO] Importing customizer settings | Context: {"settings_count":0}
[02:40:28 UTC] [INFO] Fetched customizer data from site data | Context: {"settings_count":2}
[02:40:28 UTC] [INFO] Starting customizer settings import | Context: {"settings_count":2}
[02:40:28 UTC] [INFO] Validating customizer data keys | Context: {"keys":["astra-settings","custom-css"]}
[02:40:28 UTC] [INFO] Old customizer data backed up
[02:40:28 UTC] [SUCCESS] Astra theme settings updated | Context: {"option_key":"astra-settings"}
[02:40:28 UTC] [SUCCESS] Custom CSS updated | Context: {"option_key":"custom-css"}
[02:40:28 UTC] [SUCCESS] Customizer settings import completed successfully
[02:40:28 UTC] [SUCCESS] Customizer settings imported successfully
[02:40:33 UTC] [INFO] {"post_title":"Response XML","post_mime_type":"application\/xml","post_content":"","post_status":"inherit"}
[02:40:33 UTC] [INFO] "C:\\xampp\\htdocs\\wp_site\/wp-content\/uploads\/2026\/08\/wxr.xml"
[02:40:33 UTC] [INFO] 21
[02:40:33 UTC] [INFO] info | Context: {"xml_file_path":"C:\\xampp\\htdocs\\wp_site\/wp-content\/uploads\/2026\/08\/wxr.xml","xml_post_id":21}
[02:40:33 UTC] [INFO] success | Context: {"xml_file_path":"C:\\xampp\\htdocs\\wp_site\/wp-content\/uploads\/2026\/08\/wxr.xml","post_count":12,"media_count":10,"author_count":1,"comment_count":0,"term_count":2}
[02:40:36 UTC] [INFO] info | Context: {"xml_url_provided":false}
[02:40:36 UTC] [INFO] info | Context: {"xml_url":"C:\\xampp\\htdocs\\wp_site\/wp-content\/uploads\/2026\/08\/wxr.xml","file_size":180823}
[02:40:36 UTC] [INFO] success | Context: {"post_id":22,"post_type":"elementor_library","original_id":7,"post_title":"Default Kit"}
[02:40:36 UTC] [INFO] success | Context: {"post_id":23,"post_type":"page","original_id":11,"post_title":"Home"}
[02:40:37 UTC] [INFO] success | Context: {"post_id":24,"post_type":"page","original_id":14,"post_title":"About"}
[02:40:37 UTC] [INFO] success | Context: {"post_id":25,"post_type":"page","original_id":16,"post_title":"Blog"}
[02:40:37 UTC] [INFO] success | Context: {"post_id":26,"post_type":"page","original_id":18,"post_title":"Contact"}
[02:40:37 UTC] [INFO] success | Context: {"post_id":27,"post_type":"nav_menu_item","original_id":20,"post_title":"About"}
[02:40:37 UTC] [INFO] success | Context: {"post_id":28,"post_type":"nav_menu_item","original_id":21,"post_title":"Blog"}
[02:40:37 UTC] [INFO] success | Context: {"post_id":29,"post_type":"nav_menu_item","original_id":22,"post_title":"Contact"}
[02:40:37 UTC] [INFO] success | Context: {"post_id":30,"post_type":"nav_menu_item","original_id":23,"post_title":"Home"}
[02:40:38 UTC] [INFO] success | Context: {"post_id":329,"post_type":"sureforms_form","original_id":329,"post_title":"Simple Contact Form"}
[02:40:39 UTC] [INFO] success | Context: {"post_id":330,"post_type":"wp_navigation","original_id":4,"post_title":"Navigation"}
[02:40:39 UTC] [INFO] success | Context: {"post_id":331,"post_type":"wp_global_styles","original_id":12,"post_title":"Custom Styles"}
[02:40:39 UTC] [INFO] success | Context: {"xml_url":"C:\\xampp\\htdocs\\wp_site\/wp-content\/uploads\/2026\/08\/wxr.xml"}
[02:40:41 UTC] [INFO] ---

[02:40:41 UTC] [INFO] Starting import options
[02:40:41 UTC] [INFO] Importing site options | Context: {"options":[]}
[02:40:41 UTC] [INFO] Starting site options import | Context: {"options_count":32}
[02:40:41 UTC] [INFO] Old site options backed up
[02:40:41 UTC] [INFO] Processing option | Context: {"option_name":"custom_logo"}
[02:40:41 UTC] [INFO] Importing custom logo | Context: {"logo_id":""}
[02:40:41 UTC] [INFO] info | Context: {"url":""}
[02:40:41 UTC] [INFO] error | Context: {"url":""}
[02:40:41 UTC] [INFO] error | Context: {"url":""}
[02:40:41 UTC] [INFO] Processing option | Context: {"option_name":"nav_menu_locations"}
[02:40:41 UTC] [INFO] Setting navigation menu locations | Context: {"menu_count":3}
[02:40:41 UTC] [INFO] info | Context: {"total_locations":3}
[02:40:41 UTC] [INFO] info | Context: {"location":"primary","slug":"primary-menu","menu_id":16}
[02:40:41 UTC] [INFO] info | Context: {"location":"mobile_menu","slug":"primary-menu","menu_id":16}
[02:40:41 UTC] [INFO] info | Context: {"location":"footer_menu","slug":"primary-menu","menu_id":16}
[02:40:41 UTC] [INFO] success | Context: {"successful_mappings":3,"failed_locations":[],"total_locations":3}
[02:40:41 UTC] [INFO] Processing option | Context: {"option_name":"show_on_front"}
[02:40:41 UTC] [INFO] Updating standard option | Context: {"option_name":"show_on_front"}
[02:40:41 UTC] [INFO] Processing option | Context: {"option_name":"page_on_front"}
[02:40:41 UTC] [INFO] Updating page ID option | Context: {"option_name":"page_on_front","option_value":"Home"}
[02:40:41 UTC] [INFO] info | Context: {"option_name":"page_on_front","option_value":"Home"}
[02:40:41 UTC] [INFO] success | Context: {"option_name":"page_on_front","page_title":"Home","page_id":23}
[02:40:41 UTC] [INFO] Processing option | Context: {"option_name":"page_for_posts"}
[02:40:41 UTC] [INFO] Updating page ID option | Context: {"option_name":"page_for_posts","option_value":""}
[02:40:41 UTC] [INFO] warning | Context: {"option_name":"page_for_posts"}
[02:40:41 UTC] [INFO] Processing option | Context: {"option_name":"site_title"}
[02:40:41 UTC] [INFO] Updating site title | Context: {"site_title":"John Anderson"}
[02:40:41 UTC] [INFO] Processing option | Context: {"option_name":"astra-color-palettes"}
[02:40:41 UTC] [INFO] Updating standard option | Context: {"option_name":"astra-color-palettes"}
[02:40:41 UTC] [INFO] Processing option | Context: {"option_name":"astra-typography-presets"}
[02:40:41 UTC] [INFO] Updating standard option | Context: {"option_name":"astra-typography-presets"}
[02:40:41 UTC] [INFO] Processing option | Context: {"option_name":"srfm_general_settings_options"}
[02:40:41 UTC] [INFO] Updating standard option | Context: {"option_name":"srfm_general_settings_options"}
[02:40:41 UTC] [INFO] Processing option | Context: {"option_name":"get_default_dynamic_block_option"}
[02:40:41 UTC] [INFO] Updating standard option | Context: {"option_name":"get_default_dynamic_block_option"}
[02:40:41 UTC] [INFO] Processing option | Context: {"option_name":"srfm_default_dynamic_block_option"}
[02:40:41 UTC] [INFO] Updating standard option | Context: {"option_name":"srfm_default_dynamic_block_option"}
[02:40:41 UTC] [INFO] Processing option | Context: {"option_name":"srfm_email_summary_settings_options"}
[02:40:41 UTC] [INFO] Updating standard option | Context: {"option_name":"srfm_email_summary_settings_options"}
[02:40:41 UTC] [INFO] Processing option | Context: {"option_name":"srfm_security_settings_options"}
[02:40:41 UTC] [INFO] Updating standard option | Context: {"option_name":"srfm_security_settings_options"}
[02:40:41 UTC] [INFO] Processing option | Context: {"option_name":"elementor_container_width"}
[02:40:41 UTC] [INFO] Updating standard option | Context: {"option_name":"elementor_container_width"}
[02:40:41 UTC] [INFO] Processing option | Context: {"option_name":"elementor_cpt_support"}
[02:40:41 UTC] [INFO] Updating standard option | Context: {"option_name":"elementor_cpt_support"}
[02:40:41 UTC] [INFO] Processing option | Context: {"option_name":"elementor_css_print_method"}
[02:40:41 UTC] [INFO] Updating standard option | Context: {"option_name":"elementor_css_print_method"}
[02:40:41 UTC] [INFO] Processing option | Context: {"option_name":"elementor_default_generic_fonts"}
[02:40:41 UTC] [INFO] Updating standard option | Context: {"option_name":"elementor_default_generic_fonts"}
[02:40:41 UTC] [INFO] Processing option | Context: {"option_name":"elementor_disable_color_schemes"}
[02:40:41 UTC] [INFO] Updating standard option | Context: {"option_name":"elementor_disable_color_schemes"}
[02:40:41 UTC] [INFO] Processing option | Context: {"option_name":"elementor_disable_typography_schemes"}
[02:40:41 UTC] [INFO] Updating standard option | Context: {"option_name":"elementor_disable_typography_schemes"}
[02:40:41 UTC] [INFO] Processing option | Context: {"option_name":"elementor_editor_break_lines"}
[02:40:41 UTC] [INFO] Updating standard option | Context: {"option_name":"elementor_editor_break_lines"}
[02:40:41 UTC] [INFO] Processing option | Context: {"option_name":"elementor_exclude_user_roles"}
[02:40:41 UTC] [INFO] Updating standard option | Context: {"option_name":"elementor_exclude_user_roles"}
[02:40:41 UTC] [INFO] Processing option | Context: {"option_name":"elementor_global_image_lightbox"}
[02:40:41 UTC] [INFO] Updating standard option | Context: {"option_name":"elementor_global_image_lightbox"}
[02:40:41 UTC] [INFO] Processing option | Context: {"option_name":"elementor_page_title_selector"}
[02:40:41 UTC] [INFO] Updating standard option | Context: {"option_name":"elementor_page_title_selector"}
[02:40:41 UTC] [INFO] Processing option | Context: {"option_name":"elementor_scheme_color"}
[02:40:41 UTC] [INFO] Updating standard option | Context: {"option_name":"elementor_scheme_color"}
[02:40:41 UTC] [INFO] Processing option | Context: {"option_name":"elementor_scheme_color-picker"}
[02:40:41 UTC] [INFO] Updating standard option | Context: {"option_name":"elementor_scheme_color-picker"}
[02:40:41 UTC] [INFO] Processing option | Context: {"option_name":"elementor_scheme_typography"}
[02:40:41 UTC] [INFO] Updating standard option | Context: {"option_name":"elementor_scheme_typography"}
[02:40:41 UTC] [INFO] Processing option | Context: {"option_name":"elementor_space_between_widgets"}
[02:40:41 UTC] [INFO] Updating standard option | Context: {"option_name":"elementor_space_between_widgets"}
[02:40:41 UTC] [INFO] Processing option | Context: {"option_name":"elementor_stretched_section_container"}
[02:40:41 UTC] [INFO] Updating standard option | Context: {"option_name":"elementor_stretched_section_container"}
[02:40:41 UTC] [INFO] Processing option | Context: {"option_name":"elementor_load_fa4_shim"}
[02:40:41 UTC] [INFO] Updating standard option | Context: {"option_name":"elementor_load_fa4_shim"}
[02:40:41 UTC] [INFO] Processing option | Context: {"option_name":"elementor_active_kit"}
[02:40:41 UTC] [INFO] Setting up Elementor kit
[02:40:41 UTC] [INFO] Starting Elementor kit setup
[02:40:41 UTC] [INFO] Querying for Elementor kit posts | Context: {"post_type":"elementor_library"}
[02:40:41 UTC] [SUCCESS] Elementor active kit set successfully | Context: {"kit_id":22}
[02:40:41 UTC] [INFO] Processing option | Context: {"option_name":"elementor_experiment-container"}
[02:40:41 UTC] [INFO] Updating standard option | Context: {"option_name":"elementor_experiment-container"}
[02:40:41 UTC] [INFO] Processing option | Context: {"option_name":"elementor_font_display"}
[02:40:41 UTC] [INFO] Updating standard option | Context: {"option_name":"elementor_font_display"}
[02:40:41 UTC] [INFO] Running st_importer_import_site_options action
[02:40:41 UTC] [INFO] Processing site options import - Total options: 32
[02:40:41 UTC] [INFO] Inserting custom logo from URL: 
[02:40:41 UTC] [INFO] Starting image import for URL: 
[02:40:41 UTC] [WARNING] Invalid image URL provided: 
[02:40:41 UTC] [WARNING] Failed to download logo image from: 
[02:40:41 UTC] [INFO] Setting nav menu locations - Total menus: 3
[02:40:41 UTC] [INFO] Menu location 'primary' set to term ID: 16
[02:40:41 UTC] [INFO] Menu location 'mobile_menu' set to term ID: 16
[02:40:41 UTC] [INFO] Menu location 'footer_menu' set to term ID: 16
[02:40:41 UTC] [SUCCESS] Nav menu locations updated successfully
[02:40:41 UTC] [INFO] Updated option: show_on_front | Context: "page"
[02:40:41 UTC] [INFO] Updating page ID for option: page_on_front with value: Home
[02:40:41 UTC] [INFO] Page ID updated for page_on_front: 23
[02:40:41 UTC] [INFO] Updating page ID for option: page_for_posts with value: 
[02:40:41 UTC] [INFO] Site title (blogname) updated successfully to John Anderson
[02:40:41 UTC] [INFO] Updated option: astra-color-palettes | Context: {"currentPalette":"palette_1","palettes":{"palette_1":["#234efb","#335cff","#0f172a","#454f5e","#f1f5f9","#ffffff","#dfdfdf","#0f172a","#000000"],"palette_2":["#0067FF","#005EE9","#0F172A","#364151","#FFFFFF","#E7F6FF","#070614","#D1DAE5","#222222"],"palette_3":["#6528F7","#5511F8","#0F172A","#454F5E","#FFFFFF","#F2F0FE","#0D0614","#D8D8F5","#222222"],"palette_4":["#0085FF","#0177E3","#FFFFFF","#E7F6FF","#212A37","#0F172A","#4F5B62","#070614","#222222"]},"presets":{"Oak":["#0067FF","#005EE9","#0F172A","#364151","#FFFFFF","#E7F6FF","#070614","#D1DAE5","#222222"],"Viola":["#6528F7","#5511F8","#0F172A","#454F5E","#FFFFFF","#F2F0FE","#0D0614","#D8D8F5","#222222"],"Cedar":["#DD183B","#CC1939","#0F172A","#3A3A3A","#FFFFFF","#FFEDE6","#140609","#FFD1BF","#222222"],"Willow":["#54B435","#379237","#0F172A","#2F3B40","#FFFFFF","#EDFBE2","#0C1406","#D5EAD8","#222222"],"Lily":["#DCA54A","#D09A40","#0F172A","#4A4A4A","#FFFFFF","#FAF5E5","#141004","#F0E6C5","#222222"],"Rose":["#FB5FAB","#EA559D","#0F172A","#454F5E","#FFFFFF","#FCEEF5","#140610","#FAD8E9","#222222"],"Sage":["#1B9C85","#178E79","#0F172A","#454F5E","#FFFFFF","#EDF6EE","#06140C","#D4F3D7","#222222"],"Flare":["#FD9800","#E98C00","#0F172A","#454F5E","#FFFFFF","#FEF9E1","#141006","#F9F0C8","#222222"],"Maple":["#FF6210","#F15808","#1C0D0A","#353535","#FFFFFF","#FEF1E4","#140B06","#E5D7D1","#222222"],"Birch":["#737880","#65696F","#151616","#393C40","#FFFFFF","#F6F6F6","#232529","#F1F0F0","#222222"],"Dark":["#0085FF","#0177E3","#FFFFFF","#E7F6FF","#212A37","#0F172A","#4F5B62","#070614","#222222"]},"presetNames":{"palette_1":null,"palette_2":"Oak","palette_3":"Viola","palette_4":"Dark"},"flag":true}
[02:40:41 UTC] [INFO] Updated option: astra-typography-presets
[02:40:41 UTC] [INFO] Updated option: srfm_general_settings_options
[02:40:41 UTC] [INFO] Updated option: get_default_dynamic_block_option
[02:40:41 UTC] [INFO] Updated option: srfm_default_dynamic_block_option
[02:40:41 UTC] [INFO] Updated option: srfm_email_summary_settings_options
[02:40:41 UTC] [INFO] Updated option: srfm_security_settings_options
[02:40:41 UTC] [INFO] Updated option: elementor_container_width
[02:40:41 UTC] [INFO] Updated option: elementor_cpt_support | Context: ["post","page"]
[02:40:41 UTC] [INFO] Updated option: elementor_css_print_method | Context: "internal"
[02:40:41 UTC] [INFO] Updated option: elementor_default_generic_fonts
[02:40:41 UTC] [INFO] Updated option: elementor_disable_color_schemes | Context: "yes"
[02:40:41 UTC] [INFO] Updated option: elementor_disable_typography_schemes | Context: "yes"
[02:40:41 UTC] [INFO] Updated option: elementor_editor_break_lines
[02:40:41 UTC] [INFO] Updated option: elementor_exclude_user_roles
[02:40:41 UTC] [INFO] Updated option: elementor_global_image_lightbox
[02:40:41 UTC] [INFO] Updated option: elementor_page_title_selector
[02:40:41 UTC] [INFO] Updated option: elementor_scheme_color
[02:40:41 UTC] [INFO] Updated option: elementor_scheme_color-picker
[02:40:41 UTC] [INFO] Updated option: elementor_scheme_typography
[02:40:41 UTC] [INFO] Updated option: elementor_space_between_widgets
[02:40:41 UTC] [INFO] Updated option: elementor_stretched_section_container
[02:40:41 UTC] [INFO] Updated option: elementor_load_fa4_shim
[02:40:41 UTC] [INFO] Searching for Elementor kit to set as active
[02:40:41 UTC] [INFO] Elementor active kit set to ID: 22
[02:40:41 UTC] [INFO] Updated option: elementor_experiment-container | Context: "default"
[02:40:41 UTC] [INFO] Updated option: elementor_font_display | Context: "swap"
[02:40:41 UTC] [SUCCESS] Classic templates options import completed successfully
[02:40:41 UTC] [SUCCESS] Site options import completed successfully | Context: {"processed_count":32,"skipped_count":0,"total_count":32}
[02:40:41 UTC] [SUCCESS] Site options Imported!
[02:40:43 UTC] [INFO] ---

[02:40:43 UTC] [INFO] Starting import widgets
[02:40:43 UTC] [INFO] Importing widgets
[02:40:43 UTC] [INFO] Starting widgets import
[02:40:43 UTC] [INFO] Processing widget data | Context: {"data_type":"string","widgets_data_type":"string"}
[02:40:43 UTC] [INFO] Parsing widget data from JSON string
[02:40:43 UTC] [INFO] Importing widget data via ST_Widget_Importer
[02:40:43 UTC] [INFO] Starting widget import process
[02:40:43 UTC] [INFO] Checking available widgets | Context: {"widget_control_count":37}
[02:40:43 UTC] [INFO] Widget availability check completed | Context: {"available_widget_count":33,"available_widgets":["pages","calendar","archives","media_audio","media_image","media_gallery","media_video","meta","search","text","categories","recent-posts","recent-comments","rss","tag_cloud","nav_menu","custom_html","block","woocommerce_widget_cart","woocommerce_layered_nav_filters","woocommerce_layered_nav","woocommerce_price_filter","woocommerce_product_categories","woocommerce_product_search","woocommerce_product_tag_cloud","woocommerce_products","woocommerce_recently_viewed_products","woocommerce_top_rated_products","woocommerce_recent_reviews","woocommerce_rating_filter","wc_brands_brand_description","woocommerce_brand_nav","wc_brands_brand_thumbnails"]}
[02:40:43 UTC] [INFO] Loaded widget configuration | Context: {"available_widget_types":33,"sidebar_count":5}
[02:40:43 UTC] [INFO] Processing sidebars from import data | Context: {"sidebar_count_in_data":1}
[02:40:43 UTC] [INFO] Processing sidebar: sidebar-1 | Context: {"sidebar_name":"Main Sidebar","widget_count":5,"availability":"available"}
[02:40:43 UTC] [INFO] Processing widget: block-2 | Context: {"widget_type":"block","instance_id":"2","sidebar_id":"sidebar-1"}
[02:40:43 UTC] [WARNING] Duplicate widget skipped: block-2 | Context: {"widget_type":"block","existing_instance_id":"block-2","sidebar_id":"sidebar-1"}
[02:40:43 UTC] [INFO] Processing widget: block-3 | Context: {"widget_type":"block","instance_id":"3","sidebar_id":"sidebar-1"}
[02:40:43 UTC] [WARNING] Duplicate widget skipped: block-3 | Context: {"widget_type":"block","existing_instance_id":"block-3","sidebar_id":"sidebar-1"}
[02:40:43 UTC] [INFO] Processing widget: block-4 | Context: {"widget_type":"block","instance_id":"4","sidebar_id":"sidebar-1"}
[02:40:43 UTC] [WARNING] Duplicate widget skipped: block-4 | Context: {"widget_type":"block","existing_instance_id":"block-4","sidebar_id":"sidebar-1"}
[02:40:43 UTC] [INFO] Processing widget: block-5 | Context: {"widget_type":"block","instance_id":"5","sidebar_id":"sidebar-1"}
[02:40:43 UTC] [WARNING] Duplicate widget skipped: block-5 | Context: {"widget_type":"block","existing_instance_id":"block-5","sidebar_id":"sidebar-1"}
[02:40:43 UTC] [INFO] Processing widget: block-6 | Context: {"widget_type":"block","instance_id":"6","sidebar_id":"sidebar-1"}
[02:40:43 UTC] [WARNING] Duplicate widget skipped: block-6 | Context: {"widget_type":"block","existing_instance_id":"block-6","sidebar_id":"sidebar-1"}
[02:40:43 UTC] [INFO] Widget import process completed | Context: {"total_sidebars_processed":1,"successful_imports":0,"warnings":5,"errors":0,"total_widgets_processed":5}
[02:40:43 UTC] [INFO] Retrieving current sidebars and widgets
[02:40:43 UTC] [INFO] Backing up old widgets data | Context: {"sidebars_count":9}
[02:40:43 UTC] [SUCCESS] Widgets import completed successfully
[02:40:43 UTC] [SUCCESS] Widget Imported!
[02:40:46 UTC] [INFO] ---

[02:40:46 UTC] [INFO] Starting page builder batch processing for Elementor
[02:40:46 UTC] [INFO] Elementor batch processing started
[02:40:46 UTC] [INFO] Elementor posts retrieved for processing | Context: {"post_count":6,"post_types":"page, post, wp_block, wp_template, wp_navigation, wp_template_part, wp_global_styles, sc_form"}
[02:40:46 UTC] [INFO] Processing Elementor post | Context: {"post_id":330}
[02:40:46 UTC] [INFO] Skipping post - not an Elementor page or missing data | Context: {"post_id":330,"has_version":false,"has_data":false}
[02:40:46 UTC] [INFO] Processing Elementor post | Context: {"post_id":331}
[02:40:46 UTC] [INFO] Skipping post - not an Elementor page or missing data | Context: {"post_id":331,"has_version":false,"has_data":false}
[02:40:46 UTC] [INFO] Processing Elementor post | Context: {"post_id":25}
[02:40:46 UTC] [INFO] Processing Elementor widgets | Context: {"widget_count":3}
[02:40:46 UTC] [INFO] Processing Elementor widgets | Context: {"widget_count":2}
[02:40:46 UTC] [INFO] Processing Elementor widgets | Context: {"widget_count":0}
[02:40:46 UTC] [INFO] Completed processing Elementor widgets | Context: {"processed_count":0}
[02:40:46 UTC] [INFO] Processing Elementor widgets | Context: {"widget_count":0}
[02:40:46 UTC] [INFO] Completed processing Elementor widgets | Context: {"processed_count":0}
[02:40:46 UTC] [INFO] Completed processing Elementor widgets | Context: {"processed_count":2}
[02:40:46 UTC] [INFO] Processing Elementor widgets | Context: {"widget_count":1}
[02:40:46 UTC] [INFO] Processing Elementor widgets | Context: {"widget_count":3}
[02:40:46 UTC] [INFO] Processing Elementor widgets | Context: {"widget_count":2}
[02:40:46 UTC] [INFO] Processing Elementor widgets | Context: {"widget_count":0}
[02:40:46 UTC] [INFO] Completed processing Elementor widgets | Context: {"processed_count":0}
[02:40:46 UTC] [INFO] Processing Elementor widgets | Context: {"widget_count":0}
[02:40:46 UTC] [INFO] Completed processing Elementor widgets | Context: {"processed_count":0}
[02:40:46 UTC] [INFO] Completed processing Elementor widgets | Context: {"processed_count":2}
[02:40:46 UTC] [INFO] Processing Elementor widgets | Context: {"widget_count":2}
[02:40:46 UTC] [INFO] Processing Elementor widgets | Context: {"widget_count":0}
[02:40:46 UTC] [INFO] Completed processing Elementor widgets | Context: {"processed_count":0}
[02:40:46 UTC] [INFO] Processing Elementor widgets | Context: {"widget_count":0}
[02:40:46 UTC] [INFO] Completed processing Elementor widgets | Context: {"processed_count":0}
[02:40:46 UTC] [INFO] Completed processing Elementor widgets | Context: {"processed_count":2}
[02:40:46 UTC] [INFO] Processing Elementor widgets | Context: {"widget_count":2}
[02:40:46 UTC] [INFO] Processing Elementor widgets | Context: {"widget_count":0}
[02:40:46 UTC] [INFO] Completed processing Elementor widgets | Context: {"processed_count":0}
[02:40:46 UTC] [INFO] Processing Elementor widgets | Context: {"widget_count":0}
[02:40:46 UTC] [INFO] Completed processing Elementor widgets | Context: {"processed_count":0}
[02:40:46 UTC] [INFO] Completed processing Elementor widgets | Context: {"processed_count":2}
[02:40:46 UTC] [INFO] Completed processing Elementor widgets | Context: {"processed_count":3}
[02:40:46 UTC] [INFO] Completed processing Elementor widgets | Context: {"processed_count":1}
[02:40:46 UTC] [INFO] Processing Elementor widgets | Context: {"widget_count":2}
[02:40:46 UTC] [INFO] Processing Elementor widgets | Context: {"widget_count":0}
[02:40:46 UTC] [INFO] Completed processing Elementor widgets | Context: {"processed_count":0}
[02:40:46 UTC] [INFO] Processing Elementor widgets | Context: {"widget_count":0}
[02:40:46 UTC] [INFO] Completed processing Elementor widgets | Context: {"processed_count":0}
[02:40:46 UTC] [INFO] Completed processing Elementor widgets | Context: {"processed_count":2}
[02:40:46 UTC] [INFO] Completed processing Elementor widgets | Context: {"processed_count":3}
[02:40:46 UTC] [SUCCESS] Updated Elementor data successfully | Context: {"post_id":25}
[02:40:46 UTC] [INFO] Cleared Elementor cache | Context: {"post_id":25}
[02:40:46 UTC] [SUCCESS] Completed processing Elementor post | Context: {"post_id":25}
[02:40:46 UTC] [INFO] Processing Elementor post | Context: {"post_id":26}
[02:40:46 UTC] [INFO] Processing Elementor widgets | Context: {"widget_count":3}
[02:40:46 UTC] [INFO] Processing Elementor widgets | Context: {"widget_count":2}
[02:40:46 UTC] [INFO] Processing Elementor widgets | Context: {"widget_count":0}
[02:40:46 UTC] [INFO] Completed processing Elementor widgets | Context: {"processed_count":0}
[02:40:46 UTC] [INFO] Processing Elementor widgets | Context: {"widget_count":0}
[02:40:46 UTC] [INFO] Completed processing Elementor widgets | Context: {"processed_count":0}
[02:40:46 UTC] [INFO] Completed processing Elementor widgets | Context: {"processed_count":2}
[02:40:46 UTC] [INFO] Processing Elementor widgets | Context: {"widget_count":2}
[02:40:46 UTC] [INFO] Processing Elementor widgets | Context: {"widget_count":2}
[02:40:46 UTC] [INFO] Processing Elementor widgets | Context: {"widget_count":0}
[02:40:46 UTC] [INFO] Completed processing Elementor widgets | Context: {"processed_count":0}
[02:40:46 UTC] [INFO] Processing Elementor widgets | Context: {"widget_count":0}
[02:40:46 UTC] [INFO] Completed processing Elementor widgets | Context: {"processed_count":0}
[02:40:46 UTC] [INFO] Completed processing Elementor widgets | Context: {"processed_count":2}
[02:40:46 UTC] [INFO] Processing Elementor widgets | Context: {"widget_count":1}
[02:40:46 UTC] [INFO] Processing Elementor widgets | Context: {"widget_count":0}
[02:40:46 UTC] [INFO] Completed processing Elementor widgets | Context: {"processed_count":0}
[02:40:46 UTC] [INFO] Completed processing Elementor widgets | Context: {"processed_count":1}
[02:40:46 UTC] [INFO] Completed processing Elementor widgets | Context: {"processed_count":2}
[02:40:46 UTC] [INFO] Processing Elementor widgets | Context: {"widget_count":2}
[02:40:46 UTC] [INFO] Processing Elementor widgets | Context: {"widget_count":0}
[02:40:46 UTC] [INFO] Completed processing Elementor widgets | Context: {"processed_count":0}
[02:40:46 UTC] [INFO] Processing Elementor widgets | Context: {"widget_count":0}
[02:40:46 UTC] [INFO] Completed processing Elementor widgets | Context: {"processed_count":0}
[02:40:46 UTC] [INFO] Completed processing Elementor widgets | Context: {"processed_count":2}
[02:40:46 UTC] [INFO] Completed processing Elementor widgets | Context: {"processed_count":3}
[02:40:46 UTC] [SUCCESS] Updated Elementor data successfully | Context: {"post_id":26}
[02:40:46 UTC] [INFO] Cleared Elementor cache | Context: {"post_id":26}
[02:40:46 UTC] [SUCCESS] Completed processing Elementor post | Context: {"post_id":26}
[02:40:46 UTC] [INFO] Processing Elementor post | Context: {"post_id":23}
[02:40:46 UTC] [INFO] Processing Elementor widgets | Context: {"widget_count":7}
[02:40:46 UTC] [INFO] Processing Elementor widgets | Context: {"widget_count":2}
[02:40:46 UTC] [INFO] Processing Elementor widgets | Context: {"widget_count":2}
[02:40:46 UTC] [INFO] Processing Elementor widgets | Context: {"widget_count":0}
[02:40:46 UTC] [INFO] Completed processing Elementor widgets | Context: {"processed_count":0}
[02:40:46 UTC] [INFO] Processing Elementor widgets | Context: {"widget_count":0}
[02:40:46 UTC] [INFO] Completed processing Elementor widgets | Context: {"processed_count":0}
[02:40:46 UTC] [INFO] Completed processing Elementor widgets | Context: {"processed_count":2}
[02:40:46 UTC] [INFO] Processing Elementor widgets | Context: {"widget_count":1}
[02:40:46 UTC] [INFO] Processing Elementor widgets | Context: {"widget_count":0}
[02:40:46 UTC] [INFO] Completed processing Elementor widgets | Context: {"processed_count":0}
[02:40:46 UTC] [INFO] Completed processing Elementor widgets | Context: {"processed_count":1}
[02:40:46 UTC] [INFO] Completed processing Elementor widgets | Context: {"processed_count":2}
[02:40:46 UTC] [INFO] Processing Elementor widgets | Context: {"widget_count":2}
[02:40:46 UTC] [INFO] Processing Elementor widgets | Context: {"widget_count":0}
[02:40:46 UTC] [INFO] Completed processing Elementor widgets | Context: {"processed_count":0}
[02:40:46 UTC] [INFO] Processing Elementor widgets | Context: {"widget_count":2}
[02:40:46 UTC] [INFO] Processing Elementor widgets | Context: {"widget_count":1}
[02:40:46 UTC] [INFO] Processing Elementor widgets | Context: {"widget_count":0}
[02:40:46 UTC] [INFO] Completed processing Elementor widgets | Context: {"processed_count":0}
[02:40:46 UTC] [INFO] Completed processing Elementor widgets | Context: {"processed_count":1}
[02:40:46 UTC] [INFO] Processing Elementor widgets | Context: {"widget_count":3}
[02:40:46 UTC] [INFO] Processing Elementor widgets | Context: {"widget_count":0}
[02:40:46 UTC] [INFO] Completed processing Elementor widgets | Context: {"processed_count":0}
[02:40:46 UTC] [INFO] Processing Elementor widgets | Context: {"widget_count":0}
[02:40:46 UTC] [INFO] Completed processing Elementor widgets | Context: {"processed_count":0}
[02:40:46 UTC] [INFO] Processing Elementor widgets | Context: {"widget_count":0}
[02:40:46 UTC] [INFO] Completed processing Elementor widgets | Context: {"processed_count":0}
[02:40:46 UTC] [INFO] Completed processing Elementor widgets | Context: {"processed_count":3}
[02:40:46 UTC] [INFO] Completed processing Elementor widgets | Context: {"processed_count":2}
[02:40:46 UTC] [INFO] Completed processing Elementor widgets | Context: {"processed_count":2}
[02:40:46 UTC] [INFO] Processing Elementor widgets | Context: {"widget_count":2}
[02:40:46 UTC] [INFO] Processing Elementor widgets | Context: {"widget_count":0}
[02:40:46 UTC] [INFO] Completed processing Elementor widgets | Context: {"processed_count":0}
[02:40:46 UTC] [INFO] Processing Elementor widgets | Context: {"widget_count":2}
[02:40:46 UTC] [INFO] Processing Elementor widgets | Context: {"widget_count":0}
[02:40:46 UTC] [INFO] Completed processing Elementor widgets | Context: {"processed_count":0}
[02:40:46 UTC] [INFO] Processing Elementor widgets | Context: {"widget_count":0}
[02:40:46 UTC] [INFO] Completed processing Elementor widgets | Context: {"processed_count":0}
[02:40:46 UTC] [INFO] Completed processing Elementor widgets | Context: {"processed_count":2}
[02:40:46 UTC] [INFO] Completed processing Elementor widgets | Context: {"processed_count":2}
[02:40:46 UTC] [INFO] Processing Elementor widgets | Context: {"widget_count":4}
[02:40:46 UTC] [INFO] Processing Elementor widgets | Context: {"widget_count":0}
[02:40:46 UTC] [INFO] Completed processing Elementor widgets | Context: {"processed_count":0}
[02:40:46 UTC] [INFO] Processing Elementor widgets | Context: {"widget_count":0}
[02:40:46 UTC] [INFO] Completed processing Elementor widgets | Context: {"processed_count":0}
[02:40:46 UTC] [INFO] Processing Elementor widgets | Context: {"widget_count":2}
[02:40:46 UTC] [INFO] Processing Elementor widgets | Context: {"widget_count":0}
[02:40:46 UTC] [INFO] Completed processing Elementor widgets | Context: {"processed_count":0}
[02:40:46 UTC] [INFO] Processing Elementor widgets | Context: {"widget_count":2}
[02:40:46 UTC] [INFO] Processing Elementor widgets | Context: {"widget_count":0}
[02:40:46 UTC] [INFO] Completed processing Elementor widgets | Context: {"processed_count":0}
[02:40:46 UTC] [INFO] Processing Elementor widgets | Context: {"widget_count":0}
[02:40:46 UTC] [INFO] Completed processing Elementor widgets | Context: {"processed_count":0}
[02:40:46 UTC] [INFO] Completed processing Elementor widgets | Context: {"processed_count":2}
[02:40:46 UTC] [INFO] Completed processing Elementor widgets | Context: {"processed_count":2}
[02:40:46 UTC] [INFO] Processing Elementor widgets | Context: {"widget_count":2}
[02:40:46 UTC] [INFO] Processing Elementor widgets | Context: {"widget_count":2}
[02:40:46 UTC] [INFO] Processing Elementor widgets | Context: {"widget_count":0}
[02:40:46 UTC] [INFO] Completed processing Elementor widgets | Context: {"processed_count":0}
[02:40:46 UTC] [INFO] Processing Elementor widgets | Context: {"widget_count":0}
[02:40:46 UTC] [INFO] Completed processing Elementor widgets | Context: {"processed_count":0}
[02:40:46 UTC] [INFO] Completed processing Elementor widgets | Context: {"processed_count":2}
[02:40:46 UTC] [INFO] Processing Elementor widgets | Context: {"widget_count":0}
[02:40:46 UTC] [INFO] Completed processing Elementor widgets | Context: {"processed_count":0}
[02:40:46 UTC] [INFO] Completed processing Elementor widgets | Context: {"processed_count":2}
[02:40:46 UTC] [INFO] Completed processing Elementor widgets | Context: {"processed_count":4}
[02:40:46 UTC] [INFO] Processing Elementor widgets | Context: {"widget_count":2}
[02:40:46 UTC] [INFO] Processing Elementor widgets | Context: {"widget_count":0}
[02:40:46 UTC] [INFO] Completed processing Elementor widgets | Context: {"processed_count":0}
[02:40:46 UTC] [INFO] Processing Elementor widgets | Context: {"widget_count":0}
[02:40:46 UTC] [INFO] Completed processing Elementor widgets | Context: {"processed_count":0}
[02:40:46 UTC] [INFO] Completed processing Elementor widgets | Context: {"processed_count":2}
[02:40:46 UTC] [INFO] Processing Elementor widgets | Context: {"widget_count":2}
[02:40:46 UTC] [INFO] Processing Elementor widgets | Context: {"widget_count":2}
[02:40:46 UTC] [INFO] Processing Elementor widgets | Context: {"widget_count":0}
[02:40:46 UTC] [INFO] Completed processing Elementor widgets | Context: {"processed_count":0}
[02:40:46 UTC] [INFO] Processing Elementor widgets | Context: {"widget_count":0}
[02:40:46 UTC] [INFO] Completed processing Elementor widgets | Context: {"processed_count":0}
[02:40:46 UTC] [INFO] Completed processing Elementor widgets | Context: {"processed_count":2}
[02:40:46 UTC] [INFO] Processing Elementor widgets | Context: {"widget_count":3}
[02:40:46 UTC] [INFO] Processing Elementor widgets | Context: {"widget_count":2}
[02:40:46 UTC] [INFO] Processing Elementor widgets | Context: {"widget_count":0}
[02:40:46 UTC] [INFO] Completed processing Elementor widgets | Context: {"processed_count":0}
[02:40:46 UTC] [INFO] Processing Elementor widgets | Context: {"widget_count":0}
[02:40:46 UTC] [INFO] Completed processing Elementor widgets | Context: {"processed_count":0}
[02:40:46 UTC] [INFO] Completed processing Elementor widgets | Context: {"processed_count":2}
[02:40:46 UTC] [INFO] Processing Elementor widgets | Context: {"widget_count":2}
[02:40:46 UTC] [INFO] Processing Elementor widgets | Context: {"widget_count":0}
[02:40:46 UTC] [INFO] Completed processing Elementor widgets | Context: {"processed_count":0}
[02:40:46 UTC] [INFO] Processing Elementor widgets | Context: {"widget_count":0}
[02:40:46 UTC] [INFO] Completed processing Elementor widgets | Context: {"processed_count":0}
[02:40:46 UTC] [INFO] Completed processing Elementor widgets | Context: {"processed_count":2}
[02:40:46 UTC] [INFO] Processing Elementor widgets | Context: {"widget_count":2}
[02:40:46 UTC] [INFO] Processing Elementor widgets | Context: {"widget_count":0}
[02:40:46 UTC] [INFO] Completed processing Elementor widgets | Context: {"processed_count":0}
[02:40:46 UTC] [INFO] Processing Elementor widgets | Context: {"widget_count":0}
[02:40:46 UTC] [INFO] Completed processing Elementor widgets | Context: {"processed_count":0}
[02:40:46 UTC] [INFO] Completed processing Elementor widgets | Context: {"processed_count":2}
[02:40:46 UTC] [INFO] Completed processing Elementor widgets | Context: {"processed_count":3}
[02:40:46 UTC] [INFO] Completed processing Elementor widgets | Context: {"processed_count":2}
[02:40:46 UTC] [INFO] Processing Elementor widgets | Context: {"widget_count":2}
[02:40:46 UTC] [INFO] Processing Elementor widgets | Context: {"widget_count":0}
[02:40:46 UTC] [INFO] Completed processing Elementor widgets | Context: {"processed_count":0}
[02:40:46 UTC] [INFO] Processing Elementor widgets | Context: {"widget_count":0}
[02:40:46 UTC] [INFO] Completed processing Elementor widgets | Context: {"processed_count":0}
[02:40:46 UTC] [INFO] Completed processing Elementor widgets | Context: {"processed_count":2}
[02:40:46 UTC] [INFO] Completed processing Elementor widgets | Context: {"processed_count":7}
[02:40:46 UTC] [SUCCESS] Updated Elementor data successfully | Context: {"post_id":23}
[02:40:46 UTC] [INFO] Cleared Elementor cache | Context: {"post_id":23}
[02:40:46 UTC] [SUCCESS] Completed processing Elementor post | Context: {"post_id":23}
[02:40:46 UTC] [INFO] Processing Elementor post | Context: {"post_id":24}
[02:40:46 UTC] [INFO] Processing Elementor widgets | Context: {"widget_count":3}
[02:40:46 UTC] [INFO] Processing Elementor widgets | Context: {"widget_count":2}
[02:40:46 UTC] [INFO] Processing Elementor widgets | Context: {"widget_count":0}
[02:40:46 UTC] [INFO] Completed processing Elementor widgets | Context: {"processed_count":0}
[02:40:46 UTC] [INFO] Processing Elementor widgets | Context: {"widget_count":0}
[02:40:46 UTC] [INFO] Completed processing Elementor widgets | Context: {"processed_count":0}
[02:40:46 UTC] [INFO] Completed processing Elementor widgets | Context: {"processed_count":2}
[02:40:46 UTC] [INFO] Processing Elementor widgets | Context: {"widget_count":2}
[02:40:46 UTC] [INFO] Processing Elementor widgets | Context: {"widget_count":2}
[02:40:46 UTC] [INFO] Processing Elementor widgets | Context: {"widget_count":0}
[02:40:46 UTC] [INFO] Completed processing Elementor widgets | Context: {"processed_count":0}
[02:40:46 UTC] [INFO] Processing Elementor widgets | Context: {"widget_count":0}
[02:40:46 UTC] [INFO] Completed processing Elementor widgets | Context: {"processed_count":0}
[02:40:46 UTC] [INFO] Completed processing Elementor widgets | Context: {"processed_count":2}
[02:40:46 UTC] [INFO] Processing Elementor widgets | Context: {"widget_count":4}
[02:40:46 UTC] [INFO] Processing Elementor widgets | Context: {"widget_count":0}
[02:40:46 UTC] [INFO] Completed processing Elementor widgets | Context: {"processed_count":0}
[02:40:46 UTC] [INFO] Processing Elementor widgets | Context: {"widget_count":0}
[02:40:46 UTC] [INFO] Completed processing Elementor widgets | Context: {"processed_count":0}
[02:40:46 UTC] [INFO] Processing Elementor widgets | Context: {"widget_count":0}
[02:40:46 UTC] [INFO] Completed processing Elementor widgets | Context: {"processed_count":0}
[02:40:46 UTC] [INFO] Processing Elementor widgets | Context: {"widget_count":0}
[02:40:46 UTC] [INFO] Completed processing Elementor widgets | Context: {"processed_count":0}
[02:40:46 UTC] [INFO] Completed processing Elementor widgets | Context: {"processed_count":4}
[02:40:46 UTC] [INFO] Completed processing Elementor widgets | Context: {"processed_count":2}
[02:40:46 UTC] [INFO] Processing Elementor widgets | Context: {"widget_count":2}
[02:40:46 UTC] [INFO] Processing Elementor widgets | Context: {"widget_count":0}
[02:40:46 UTC] [INFO] Completed processing Elementor widgets | Context: {"processed_count":0}
[02:40:46 UTC] [INFO] Processing Elementor widgets | Context: {"widget_count":0}
[02:40:46 UTC] [INFO] Completed processing Elementor widgets | Context: {"processed_count":0}
[02:40:46 UTC] [INFO] Completed processing Elementor widgets | Context: {"processed_count":2}
[02:40:46 UTC] [INFO] Completed processing Elementor widgets | Context: {"processed_count":3}
[02:40:46 UTC] [SUCCESS] Updated Elementor data successfully | Context: {"post_id":24}
[02:40:46 UTC] [INFO] Cleared Elementor cache | Context: {"post_id":24}
[02:40:46 UTC] [SUCCESS] Completed processing Elementor post | Context: {"post_id":24}
[02:40:46 UTC] [SUCCESS] Elementor batch processing completed successfully | Context: {"posts_processed":6}
[02:40:46 UTC] [SUCCESS] Batch process completed.
[02:40:48 UTC] [INFO] ---

[02:40:48 UTC] [INFO] Starting image replacement batch processing - step: pages
[02:40:48 UTC] [INFO] Starting page image replacement
[02:40:48 UTC] [INFO] Processing pages | Context: {"pages_count":4,"plugin_type":"elementor"}
[02:40:48 UTC] [INFO] Starting Elementor image replacement for post ID: 23
[02:40:48 UTC] [INFO] Successfully decoded Elementor data for post ID: 23 - processing widgets
[02:40:48 UTC] [INFO] Processing Elementor widgets - Total widgets at this level: 7
[02:40:48 UTC] [INFO] Processing widget #1 - Type: container
[02:40:48 UTC] [INFO] Widget has settings array with 11 items
[02:40:48 UTC] [INFO] Processing setting key: flex_gap_tablet (array value)
[02:40:48 UTC] [INFO] Processing widget image replacement for key: flex_gap_tablet
[02:40:48 UTC] [INFO] No image replacement needed for key: flex_gap_tablet - using default case
[02:40:48 UTC] [INFO] Processing setting key: flex_gap_mobile (array value)
[02:40:48 UTC] [INFO] Processing widget image replacement for key: flex_gap_mobile
[02:40:48 UTC] [INFO] No image replacement needed for key: flex_gap_mobile - using default case
[02:40:48 UTC] [INFO] Processing setting key: background_color_stop (array value)
[02:40:48 UTC] [INFO] Processing widget image replacement for key: background_color_stop
[02:40:48 UTC] [INFO] No image replacement needed for key: background_color_stop - using default case
[02:40:48 UTC] [INFO] Processing setting key: background_color_b_stop (array value)
[02:40:48 UTC] [INFO] Processing widget image replacement for key: background_color_b_stop
[02:40:48 UTC] [INFO] No image replacement needed for key: background_color_b_stop - using default case
[02:40:48 UTC] [INFO] Processing setting key: padding (array value)
[02:40:48 UTC] [INFO] Processing widget image replacement for key: padding
[02:40:48 UTC] [INFO] No image replacement needed for key: padding - using default case
[02:40:48 UTC] [INFO] Processing setting key: padding_tablet (array value)
[02:40:48 UTC] [INFO] Processing widget image replacement for key: padding_tablet
[02:40:48 UTC] [INFO] No image replacement needed for key: padding_tablet - using default case
[02:40:48 UTC] [INFO] Processing setting key: padding_mobile (array value)
[02:40:48 UTC] [INFO] Processing widget image replacement for key: padding_mobile
[02:40:48 UTC] [INFO] No image replacement needed for key: padding_mobile - using default case
[02:40:48 UTC] [INFO] Processing setting key: __globals__ (array value)
[02:40:48 UTC] [INFO] Processing widget image replacement for key: __globals__
[02:40:48 UTC] [INFO] No image replacement needed for key: __globals__ - using default case
[02:40:48 UTC] [INFO] Widget has 2 child elements - processing recursively
[02:40:48 UTC] [INFO] Processing Elementor widgets - Total widgets at this level: 2
[02:40:48 UTC] [INFO] Processing widget #1 - Type: container
[02:40:48 UTC] [INFO] Widget has settings array with 6 items
[02:40:48 UTC] [INFO] Processing setting key: width (array value)
[02:40:48 UTC] [INFO] Processing widget image replacement for key: width
[02:40:48 UTC] [INFO] No image replacement needed for key: width - using default case
[02:40:48 UTC] [INFO] Processing setting key: padding (array value)
[02:40:48 UTC] [INFO] Processing widget image replacement for key: padding
[02:40:48 UTC] [INFO] No image replacement needed for key: padding - using default case
[02:40:48 UTC] [INFO] Processing setting key: width_tablet (array value)
[02:40:48 UTC] [INFO] Processing widget image replacement for key: width_tablet
[02:40:48 UTC] [INFO] No image replacement needed for key: width_tablet - using default case
[02:40:48 UTC] [INFO] Processing setting key: width_mobile (array value)
[02:40:48 UTC] [INFO] Processing widget image replacement for key: width_mobile
[02:40:48 UTC] [INFO] No image replacement needed for key: width_mobile - using default case
[02:40:48 UTC] [INFO] Processing setting key: padding_tablet (array value)
[02:40:48 UTC] [INFO] Processing widget image replacement for key: padding_tablet
[02:40:48 UTC] [INFO] No image replacement needed for key: padding_tablet - using default case
[02:40:48 UTC] [INFO] Widget has 2 child elements - processing recursively
[02:40:48 UTC] [INFO] Processing Elementor widgets - Total widgets at this level: 2
[02:40:48 UTC] [INFO] Processing widget #1 - Type: text-editor
[02:40:48 UTC] [INFO] Widget has settings array with 10 items
[02:40:48 UTC] [INFO] Processing setting key: typography_font_size (array value)
[02:40:48 UTC] [INFO] Processing widget image replacement for key: typography_font_size
[02:40:48 UTC] [INFO] No image replacement needed for key: typography_font_size - using default case
[02:40:48 UTC] [INFO] Processing setting key: typography_font_size_mobile (array value)
[02:40:48 UTC] [INFO] Processing widget image replacement for key: typography_font_size_mobile
[02:40:48 UTC] [INFO] No image replacement needed for key: typography_font_size_mobile - using default case
[02:40:48 UTC] [INFO] Processing setting key: typography_line_height (array value)
[02:40:48 UTC] [INFO] Processing widget image replacement for key: typography_line_height
[02:40:48 UTC] [INFO] No image replacement needed for key: typography_line_height - using default case
[02:40:48 UTC] [INFO] Processing setting key: typography_letter_spacing (array value)
[02:40:48 UTC] [INFO] Processing widget image replacement for key: typography_letter_spacing
[02:40:48 UTC] [INFO] No image replacement needed for key: typography_letter_spacing - using default case
[02:40:48 UTC] [INFO] Processing setting key: paragraph_spacing (array value)
[02:40:48 UTC] [INFO] Processing widget image replacement for key: paragraph_spacing
[02:40:48 UTC] [INFO] No image replacement needed for key: paragraph_spacing - using default case
[02:40:48 UTC] [INFO] Processing setting key: __globals__ (array value)
[02:40:48 UTC] [INFO] Processing widget image replacement for key: __globals__
[02:40:48 UTC] [INFO] No image replacement needed for key: __globals__ - using default case
[02:40:48 UTC] [INFO] Widget has 0 child elements - processing recursively
[02:40:48 UTC] [INFO] Processing Elementor widgets - Total widgets at this level: 0
[02:40:48 UTC] [INFO] Completed processing 0 widgets at this level
[02:40:48 UTC] [INFO] Processing widget #2 - Type: hfe-infocard
[02:40:48 UTC] [INFO] Widget has settings array with 16 items
[02:40:48 UTC] [INFO] Processing setting key: infocard_text_link (array value)
[02:40:48 UTC] [INFO] Processing widget image replacement for key: infocard_text_link
[02:40:48 UTC] [INFO] No image replacement needed for key: infocard_text_link - using default case
[02:40:48 UTC] [INFO] Processing setting key: infocard_button_border_size (array value)
[02:40:48 UTC] [INFO] Processing widget image replacement for key: infocard_button_border_size
[02:40:48 UTC] [INFO] No image replacement needed for key: infocard_button_border_size - using default case
[02:40:48 UTC] [INFO] Processing setting key: cta_typography_font_size_mobile (array value)
[02:40:48 UTC] [INFO] Processing widget image replacement for key: cta_typography_font_size_mobile
[02:40:48 UTC] [INFO] No image replacement needed for key: cta_typography_font_size_mobile - using default case
[02:40:48 UTC] [INFO] Processing setting key: infocard_title_margin (array value)
[02:40:48 UTC] [INFO] Processing widget image replacement for key: infocard_title_margin
[02:40:48 UTC] [INFO] No image replacement needed for key: infocard_title_margin - using default case
[02:40:48 UTC] [INFO] Processing setting key: infocard_title_margin_tablet (array value)
[02:40:48 UTC] [INFO] Processing widget image replacement for key: infocard_title_margin_tablet
[02:40:48 UTC] [INFO] No image replacement needed for key: infocard_title_margin_tablet - using default case
[02:40:48 UTC] [INFO] Processing setting key: infocard_desc_margin (array value)
[02:40:48 UTC] [INFO] Processing widget image replacement for key: infocard_desc_margin
[02:40:48 UTC] [INFO] No image replacement needed for key: infocard_desc_margin - using default case
[02:40:48 UTC] [INFO] Processing setting key: infocard_desc_margin_tablet (array value)
[02:40:48 UTC] [INFO] Processing widget image replacement for key: infocard_desc_margin_tablet
[02:40:48 UTC] [INFO] No image replacement needed for key: infocard_desc_margin_tablet - using default case
[02:40:48 UTC] [INFO] Processing setting key: infocard_cta_margin (array value)
[02:40:48 UTC] [INFO] Processing widget image replacement for key: infocard_cta_margin
[02:40:48 UTC] [INFO] No image replacement needed for key: infocard_cta_margin - using default case
[02:40:48 UTC] [INFO] Widget has 0 child elements - processing recursively
[02:40:48 UTC] [INFO] Processing Elementor widgets - Total widgets at this level: 0
[02:40:48 UTC] [INFO] Completed processing 0 widgets at this level
[02:40:48 UTC] [INFO] Completed processing 2 widgets at this level
[02:40:48 UTC] [INFO] Processing widget #2 - Type: container
[02:40:48 UTC] [INFO] Widget has settings array with 5 items
[02:40:48 UTC] [INFO] Processing setting key: width (array value)
[02:40:48 UTC] [INFO] Processing widget image replacement for key: width
[02:40:48 UTC] [INFO] No image replacement needed for key: width - using default case
[02:40:48 UTC] [INFO] Processing setting key: padding (array value)
[02:40:48 UTC] [INFO] Processing widget image replacement for key: padding
[02:40:48 UTC] [INFO] No image replacement needed for key: padding - using default case
[02:40:48 UTC] [INFO] Processing setting key: width_tablet (array value)
[02:40:48 UTC] [INFO] Processing widget image replacement for key: width_tablet
[02:40:48 UTC] [INFO] No image replacement needed for key: width_tablet - using default case
[02:40:48 UTC] [INFO] Processing setting key: width_mobile (array value)
[02:40:48 UTC] [INFO] Processing widget image replacement for key: width_mobile
[02:40:48 UTC] [INFO] No image replacement needed for key: width_mobile - using default case
[02:40:48 UTC] [INFO] Widget has 1 child elements - processing recursively
[02:40:48 UTC] [INFO] Processing Elementor widgets - Total widgets at this level: 1
[02:40:48 UTC] [INFO] Processing widget #1 - Type: image
[02:40:48 UTC] [INFO] Widget has settings array with 13 items
[02:40:48 UTC] [INFO] Processing setting key: image (array value)
[02:40:48 UTC] [INFO] Processing widget image replacement for key: image
[02:40:48 UTC] [INFO] Replacing single image for key: image - Original URL: http://e-entrepreneur3.ziptemplates.top/wp-content/uploads/2025/09/hero-21.jpg
[02:40:48 UTC] [INFO] Getting new image attachment - Current image index: 0
[02:40:48 UTC] [INFO] Retrieved image data from index 0 - attempting download
[02:40:48 UTC] [INFO] Image downloaded successfully - Attachment ID: 15
[02:40:48 UTC] [INFO] Successfully created new attachment - ID: 15 - URL: http://localhost/wp_site/wp-content/uploads/2026/08/pexels-photo-19572634.jpeg - Image index incremented from 0 to 1
[02:40:48 UTC] [INFO] Single image replaced for key: image - New URL: http://localhost/wp_site/wp-content/uploads/2026/08/pexels-photo-19572634.jpeg - New ID: 15
[02:40:48 UTC] [INFO] Processing setting key: width (array value)
[02:40:48 UTC] [INFO] Processing widget image replacement for key: width
[02:40:48 UTC] [INFO] No image replacement needed for key: width - using default case
[02:40:48 UTC] [INFO] Processing setting key: width_tablet (array value)
[02:40:48 UTC] [INFO] Processing widget image replacement for key: width_tablet
[02:40:48 UTC] [INFO] No image replacement needed for key: width_tablet - using default case
[02:40:48 UTC] [INFO] Processing setting key: width_mobile (array value)
[02:40:48 UTC] [INFO] Processing widget image replacement for key: width_mobile
[02:40:48 UTC] [INFO] No image replacement needed for key: width_mobile - using default case
[02:40:48 UTC] [INFO] Processing setting key: height (array value)
[02:40:48 UTC] [INFO] Processing widget image replacement for key: height
[02:40:48 UTC] [INFO] No image replacement needed for key: height - using default case
[02:40:48 UTC] [INFO] Processing setting key: height_tablet (array value)
[02:40:48 UTC] [INFO] Processing widget image replacement for key: height_tablet
[02:40:48 UTC] [INFO] No image replacement needed for key: height_tablet - using default case
[02:40:48 UTC] [INFO] Processing setting key: height_mobile (array value)
[02:40:48 UTC] [INFO] Processing widget image replacement for key: height_mobile
[02:40:48 UTC] [INFO] No image replacement needed for key: height_mobile - using default case
[02:40:48 UTC] [INFO] Processing setting key: image_border_radius (array value)
[02:40:48 UTC] [INFO] Processing widget image replacement for key: image_border_radius
[02:40:48 UTC] [INFO] No image replacement needed for key: image_border_radius - using default case
[02:40:48 UTC] [INFO] Processing setting key: image_box_shadow_box_shadow (array value)
[02:40:48 UTC] [INFO] Processing widget image replacement for key: image_box_shadow_box_shadow
[02:40:48 UTC] [INFO] No image replacement needed for key: image_box_shadow_box_shadow - using default case
[02:40:48 UTC] [INFO] Widget has 0 child elements - processing recursively
[02:40:48 UTC] [INFO] Processing Elementor widgets - Total widgets at this level: 0
[02:40:48 UTC] [INFO] Completed processing 0 widgets at this level
[02:40:48 UTC] [INFO] Completed processing 1 widgets at this level
[02:40:48 UTC] [INFO] Completed processing 2 widgets at this level
[02:40:48 UTC] [INFO] Processing widget #2 - Type: container
[02:40:48 UTC] [INFO] Widget has settings array with 5 items
[02:40:48 UTC] [INFO] Processing setting key: flex_gap (array value)
[02:40:48 UTC] [INFO] Processing widget image replacement for key: flex_gap
[02:40:48 UTC] [INFO] No image replacement needed for key: flex_gap - using default case
[02:40:48 UTC] [INFO] Processing setting key: padding (array value)
[02:40:48 UTC] [INFO] Processing widget image replacement for key: padding
[02:40:48 UTC] [INFO] No image replacement needed for key: padding - using default case
[02:40:48 UTC] [INFO] Processing setting key: padding_tablet (array value)
[02:40:48 UTC] [INFO] Processing widget image replacement for key: padding_tablet
[02:40:48 UTC] [INFO] No image replacement needed for key: padding_tablet - using default case
[02:40:48 UTC] [INFO] Processing setting key: padding_mobile (array value)
[02:40:48 UTC] [INFO] Processing widget image replacement for key: padding_mobile
[02:40:48 UTC] [INFO] No image replacement needed for key: padding_mobile - using default case
[02:40:48 UTC] [INFO] Widget has 2 child elements - processing recursively
[02:40:48 UTC] [INFO] Processing Elementor widgets - Total widgets at this level: 2
[02:40:48 UTC] [INFO] Processing widget #1 - Type: text-editor
[02:40:48 UTC] [INFO] Widget has settings array with 10 items
[02:40:48 UTC] [INFO] Processing setting key: typography_font_size (array value)
[02:40:48 UTC] [INFO] Processing widget image replacement for key: typography_font_size
[02:40:48 UTC] [INFO] No image replacement needed for key: typography_font_size - using default case
[02:40:48 UTC] [INFO] Processing setting key: typography_font_size_mobile (array value)
[02:40:48 UTC] [INFO] Processing widget image replacement for key: typography_font_size_mobile
[02:40:48 UTC] [INFO] No image replacement needed for key: typography_font_size_mobile - using default case
[02:40:48 UTC] [INFO] Processing setting key: typography_line_height (array value)
[02:40:48 UTC] [INFO] Processing widget image replacement for key: typography_line_height
[02:40:48 UTC] [INFO] No image replacement needed for key: typography_line_height - using default case
[02:40:48 UTC] [INFO] Processing setting key: typography_letter_spacing (array value)
[02:40:48 UTC] [INFO] Processing widget image replacement for key: typography_letter_spacing
[02:40:48 UTC] [INFO] No image replacement needed for key: typography_letter_spacing - using default case
[02:40:48 UTC] [INFO] Processing setting key: paragraph_spacing (array value)
[02:40:48 UTC] [INFO] Processing widget image replacement for key: paragraph_spacing
[02:40:48 UTC] [INFO] No image replacement needed for key: paragraph_spacing - using default case
[02:40:48 UTC] [INFO] Processing setting key: __globals__ (array value)
[02:40:48 UTC] [INFO] Processing widget image replacement for key: __globals__
[02:40:48 UTC] [INFO] No image replacement needed for key: __globals__ - using default case
[02:40:48 UTC] [INFO] Widget has 0 child elements - processing recursively
[02:40:48 UTC] [INFO] Processing Elementor widgets - Total widgets at this level: 0
[02:40:48 UTC] [INFO] Completed processing 0 widgets at this level
[02:40:48 UTC] [INFO] Processing widget #2 - Type: container
[02:40:48 UTC] [INFO] Widget has settings array with 9 items
[02:40:48 UTC] [INFO] Processing setting key: flex_gap (array value)
[02:40:48 UTC] [INFO] Processing widget image replacement for key: flex_gap
[02:40:48 UTC] [INFO] No image replacement needed for key: flex_gap - using default case
[02:40:48 UTC] [INFO] Processing setting key: flex_gap_tablet (array value)
[02:40:48 UTC] [INFO] Processing widget image replacement for key: flex_gap_tablet
[02:40:48 UTC] [INFO] No image replacement needed for key: flex_gap_tablet - using default case
[02:40:48 UTC] [INFO] Processing setting key: flex_gap_mobile (array value)
[02:40:48 UTC] [INFO] Processing widget image replacement for key: flex_gap_mobile
[02:40:48 UTC] [INFO] No image replacement needed for key: flex_gap_mobile - using default case
[02:40:48 UTC] [INFO] Processing setting key: margin (array value)
[02:40:48 UTC] [INFO] Processing widget image replacement for key: margin
[02:40:48 UTC] [INFO] No image replacement needed for key: margin - using default case
[02:40:48 UTC] [INFO] Processing setting key: margin_mobile (array value)
[02:40:48 UTC] [INFO] Processing widget image replacement for key: margin_mobile
[02:40:48 UTC] [INFO] No image replacement needed for key: margin_mobile - using default case
[02:40:48 UTC] [INFO] Processing setting key: padding (array value)
[02:40:48 UTC] [INFO] Processing widget image replacement for key: padding
[02:40:48 UTC] [INFO] No image replacement needed for key: padding - using default case
[02:40:48 UTC] [INFO] Widget has 2 child elements - processing recursively
[02:40:48 UTC] [INFO] Processing Elementor widgets - Total widgets at this level: 2
[02:40:48 UTC] [INFO] Processing widget #1 - Type: container
[02:40:48 UTC] [INFO] Widget has settings array with 6 items
[02:40:48 UTC] [INFO] Processing setting key: width (array value)
[02:40:48 UTC] [INFO] Processing widget image replacement for key: width
[02:40:48 UTC] [INFO] No image replacement needed for key: width - using default case
[02:40:48 UTC] [INFO] Processing setting key: padding (array value)
[02:40:48 UTC] [INFO] Processing widget image replacement for key: padding
[02:40:48 UTC] [INFO] No image replacement needed for key: padding - using default case
[02:40:48 UTC] [INFO] Widget has 1 child elements - processing recursively
[02:40:48 UTC] [INFO] Processing Elementor widgets - Total widgets at this level: 1
[02:40:48 UTC] [INFO] Processing widget #1 - Type: heading
[02:40:48 UTC] [INFO] Widget has settings array with 1 items
[02:40:48 UTC] [INFO] Widget has 0 child elements - processing recursively
[02:40:48 UTC] [INFO] Processing Elementor widgets - Total widgets at this level: 0
[02:40:48 UTC] [INFO] Completed processing 0 widgets at this level
[02:40:48 UTC] [INFO] Completed processing 1 widgets at this level
[02:40:48 UTC] [INFO] Processing widget #2 - Type: container
[02:40:48 UTC] [INFO] Widget has settings array with 5 items
[02:40:48 UTC] [INFO] Processing setting key: width (array value)
[02:40:48 UTC] [INFO] Processing widget image replacement for key: width
[02:40:48 UTC] [INFO] No image replacement needed for key: width - using default case
[02:40:48 UTC] [INFO] Processing setting key: padding (array value)
[02:40:48 UTC] [INFO] Processing widget image replacement for key: padding
[02:40:48 UTC] [INFO] No image replacement needed for key: padding - using default case
[02:40:48 UTC] [INFO] Widget has 3 child elements - processing recursively
[02:40:48 UTC] [INFO] Processing Elementor widgets - Total widgets at this level: 3
[02:40:48 UTC] [INFO] Processing widget #1 - Type: text-editor
[02:40:48 UTC] [INFO] Widget has settings array with 4 items
[02:40:48 UTC] [INFO] Processing setting key: paragraph_spacing (array value)
[02:40:48 UTC] [INFO] Processing widget image replacement for key: paragraph_spacing
[02:40:48 UTC] [INFO] No image replacement needed for key: paragraph_spacing - using default case
[02:40:48 UTC] [INFO] Processing setting key: _padding (array value)
[02:40:48 UTC] [INFO] Processing widget image replacement for key: _padding
[02:40:48 UTC] [INFO] No image replacement needed for key: _padding - using default case
[02:40:48 UTC] [INFO] Processing setting key: _padding_tablet (array value)
[02:40:48 UTC] [INFO] Processing widget image replacement for key: _padding_tablet
[02:40:48 UTC] [INFO] No image replacement needed for key: _padding_tablet - using default case
[02:40:48 UTC] [INFO] Widget has 0 child elements - processing recursively
[02:40:48 UTC] [INFO] Processing Elementor widgets - Total widgets at this level: 0
[02:40:48 UTC] [INFO] Completed processing 0 widgets at this level
[02:40:48 UTC] [INFO] Processing widget #2 - Type: text-editor
[02:40:48 UTC] [INFO] Widget has settings array with 5 items
[02:40:48 UTC] [INFO] Processing setting key: paragraph_spacing (array value)
[02:40:48 UTC] [INFO] Processing widget image replacement for key: paragraph_spacing
[02:40:48 UTC] [INFO] No image replacement needed for key: paragraph_spacing - using default case
[02:40:48 UTC] [INFO] Processing setting key: _padding (array value)
[02:40:48 UTC] [INFO] Processing widget image replacement for key: _padding
[02:40:48 UTC] [INFO] No image replacement needed for key: _padding - using default case
[02:40:48 UTC] [INFO] Processing setting key: _padding_tablet (array value)
[02:40:48 UTC] [INFO] Processing widget image replacement for key: _padding_tablet
[02:40:48 UTC] [INFO] No image replacement needed for key: _padding_tablet - using default case
[02:40:48 UTC] [INFO] Processing setting key: _padding_mobile (array value)
[02:40:48 UTC] [INFO] Processing widget image replacement for key: _padding_mobile
[02:40:48 UTC] [INFO] No image replacement needed for key: _padding_mobile - using default case
[02:40:48 UTC] [INFO] Widget has 0 child elements - processing recursively
[02:40:48 UTC] [INFO] Processing Elementor widgets - Total widgets at this level: 0
[02:40:48 UTC] [INFO] Completed processing 0 widgets at this level
[02:40:48 UTC] [INFO] Processing widget #3 - Type: button
[02:40:48 UTC] [INFO] Widget has settings array with 12 items
[02:40:48 UTC] [INFO] Processing setting key: link (array value)
[02:40:48 UTC] [INFO] Processing widget image replacement for key: link
[02:40:48 UTC] [INFO] No image replacement needed for key: link - using default case
[02:40:48 UTC] [INFO] Processing setting key: selected_icon (array value)
[02:40:48 UTC] [INFO] Processing widget image replacement for key: selected_icon
[02:40:48 UTC] [INFO] No image replacement needed for key: selected_icon - using default case
[02:40:48 UTC] [INFO] Processing setting key: icon_indent (array value)
[02:40:48 UTC] [INFO] Processing widget image replacement for key: icon_indent
[02:40:48 UTC] [INFO] No image replacement needed for key: icon_indent - using default case
[02:40:48 UTC] [INFO] Processing setting key: typography_font_size_mobile (array value)
[02:40:48 UTC] [INFO] Processing widget image replacement for key: typography_font_size_mobile
[02:40:48 UTC] [INFO] No image replacement needed for key: typography_font_size_mobile - using default case
[02:40:48 UTC] [INFO] Processing setting key: border_radius (array value)
[02:40:48 UTC] [INFO] Processing widget image replacement for key: border_radius
[02:40:48 UTC] [INFO] No image replacement needed for key: border_radius - using default case
[02:40:48 UTC] [INFO] Processing setting key: text_padding (array value)
[02:40:48 UTC] [INFO] Processing widget image replacement for key: text_padding
[02:40:48 UTC] [INFO] No image replacement needed for key: text_padding - using default case
[02:40:48 UTC] [INFO] Processing setting key: __globals__ (array value)
[02:40:48 UTC] [INFO] Processing widget image replacement for key: __globals__
[02:40:48 UTC] [INFO] No image replacement needed for key: __globals__ - using default case
[02:40:48 UTC] [INFO] Widget has 0 child elements - processing recursively
[02:40:48 UTC] [INFO] Processing Elementor widgets - Total widgets at this level: 0
[02:40:48 UTC] [INFO] Completed processing 0 widgets at this level
[02:40:48 UTC] [INFO] Completed processing 3 widgets at this level
[02:40:48 UTC] [INFO] Completed processing 2 widgets at this level
[02:40:48 UTC] [INFO] Completed processing 2 widgets at this level
[02:40:48 UTC] [INFO] Processing widget #3 - Type: container
[02:40:48 UTC] [INFO] Widget has settings array with 8 items
[02:40:48 UTC] [INFO] Processing setting key: background_color_stop (array value)
[02:40:48 UTC] [INFO] Processing widget image replacement for key: background_color_stop
[02:40:48 UTC] [INFO] No image replacement needed for key: background_color_stop - using default case
[02:40:48 UTC] [INFO] Processing setting key: background_color_b_stop (array value)
[02:40:48 UTC] [INFO] Processing widget image replacement for key: background_color_b_stop
[02:40:48 UTC] [INFO] No image replacement needed for key: background_color_b_stop - using default case
[02:40:48 UTC] [INFO] Processing setting key: padding (array value)
[02:40:48 UTC] [INFO] Processing widget image replacement for key: padding
[02:40:48 UTC] [INFO] No image replacement needed for key: padding - using default case
[02:40:48 UTC] [INFO] Processing setting key: padding_tablet (array value)
[02:40:48 UTC] [INFO] Processing widget image replacement for key: padding_tablet
[02:40:48 UTC] [INFO] No image replacement needed for key: padding_tablet - using default case
[02:40:48 UTC] [INFO] Processing setting key: padding_mobile (array value)
[02:40:48 UTC] [INFO] Processing widget image replacement for key: padding_mobile
[02:40:48 UTC] [INFO] No image replacement needed for key: padding_mobile - using default case
[02:40:48 UTC] [INFO] Processing setting key: __globals__ (array value)
[02:40:48 UTC] [INFO] Processing widget image replacement for key: __globals__
[02:40:48 UTC] [INFO] No image replacement needed for key: __globals__ - using default case
[02:40:48 UTC] [INFO] Widget has 2 child elements - processing recursively
[02:40:48 UTC] [INFO] Processing Elementor widgets - Total widgets at this level: 2
[02:40:48 UTC] [INFO] Processing widget #1 - Type: image
[02:40:48 UTC] [INFO] Widget has settings array with 12 items
[02:40:48 UTC] [INFO] Processing setting key: image (array value)
[02:40:48 UTC] [INFO] Processing widget image replacement for key: image
[02:40:48 UTC] [INFO] Replacing single image for key: image - Original URL: http://e-entrepreneur3.ziptemplates.top/wp-content/uploads/2025/09/stage-speaker.jpg
[02:40:48 UTC] [INFO] Getting new image attachment - Current image index: 1
[02:40:48 UTC] [INFO] Retrieved image data from index 1 - attempting download
[02:40:48 UTC] [INFO] Image downloaded successfully - Attachment ID: 16
[02:40:48 UTC] [INFO] Successfully created new attachment - ID: 16 - URL: http://localhost/wp_site/wp-content/uploads/2026/08/pexels-photo-28994394.jpeg - Image index incremented from 1 to 2
[02:40:48 UTC] [INFO] Single image replaced for key: image - New URL: http://localhost/wp_site/wp-content/uploads/2026/08/pexels-photo-28994394.jpeg - New ID: 16
[02:40:48 UTC] [INFO] Processing setting key: width (array value)
[02:40:48 UTC] [INFO] Processing widget image replacement for key: width
[02:40:48 UTC] [INFO] No image replacement needed for key: width - using default case
[02:40:48 UTC] [INFO] Processing setting key: width_tablet (array value)
[02:40:48 UTC] [INFO] Processing widget image replacement for key: width_tablet
[02:40:48 UTC] [INFO] No image replacement needed for key: width_tablet - using default case
[02:40:48 UTC] [INFO] Processing setting key: width_mobile (array value)
[02:40:48 UTC] [INFO] Processing widget image replacement for key: width_mobile
[02:40:48 UTC] [INFO] No image replacement needed for key: width_mobile - using default case
[02:40:48 UTC] [INFO] Processing setting key: height (array value)
[02:40:48 UTC] [INFO] Processing widget image replacement for key: height
[02:40:48 UTC] [INFO] No image replacement needed for key: height - using default case
[02:40:48 UTC] [INFO] Processing setting key: height_tablet (array value)
[02:40:48 UTC] [INFO] Processing widget image replacement for key: height_tablet
[02:40:48 UTC] [INFO] No image replacement needed for key: height_tablet - using default case
[02:40:48 UTC] [INFO] Processing setting key: height_mobile (array value)
[02:40:48 UTC] [INFO] Processing widget image replacement for key: height_mobile
[02:40:48 UTC] [INFO] No image replacement needed for key: height_mobile - using default case
[02:40:48 UTC] [INFO] Processing setting key: image_border_radius (array value)
[02:40:48 UTC] [INFO] Processing widget image replacement for key: image_border_radius
[02:40:48 UTC] [INFO] No image replacement needed for key: image_border_radius - using default case
[02:40:48 UTC] [INFO] Processing setting key: image_box_shadow_box_shadow (array value)
[02:40:48 UTC] [INFO] Processing widget image replacement for key: image_box_shadow_box_shadow
[02:40:48 UTC] [INFO] No image replacement needed for key: image_box_shadow_box_shadow - using default case
[02:40:48 UTC] [INFO] Widget has 0 child elements - processing recursively
[02:40:48 UTC] [INFO] Processing Elementor widgets - Total widgets at this level: 0
[02:40:48 UTC] [INFO] Completed processing 0 widgets at this level
[02:40:48 UTC] [INFO] Processing widget #2 - Type: container
[02:40:48 UTC] [INFO] Widget has settings array with 10 items
[02:40:48 UTC] [INFO] Processing setting key: flex_gap (array value)
[02:40:48 UTC] [INFO] Processing widget image replacement for key: flex_gap
[02:40:48 UTC] [INFO] No image replacement needed for key: flex_gap - using default case
[02:40:48 UTC] [INFO] Processing setting key: flex_gap_tablet (array value)
[02:40:48 UTC] [INFO] Processing widget image replacement for key: flex_gap_tablet
[02:40:48 UTC] [INFO] No image replacement needed for key: flex_gap_tablet - using default case
[02:40:48 UTC] [INFO] Processing setting key: flex_gap_mobile (array value)
[02:40:48 UTC] [INFO] Processing widget image replacement for key: flex_gap_mobile
[02:40:48 UTC] [INFO] No image replacement needed for key: flex_gap_mobile - using default case
[02:40:48 UTC] [INFO] Processing setting key: margin (array value)
[02:40:48 UTC] [INFO] Processing widget image replacement for key: margin
[02:40:48 UTC] [INFO] No image replacement needed for key: margin - using default case
[02:40:48 UTC] [INFO] Processing setting key: margin_tablet (array value)
[02:40:48 UTC] [INFO] Processing widget image replacement for key: margin_tablet
[02:40:48 UTC] [INFO] No image replacement needed for key: margin_tablet - using default case
[02:40:48 UTC] [INFO] Processing setting key: margin_mobile (array value)
[02:40:48 UTC] [INFO] Processing widget image replacement for key: margin_mobile
[02:40:48 UTC] [INFO] No image replacement needed for key: margin_mobile - using default case
[02:40:48 UTC] [INFO] Processing setting key: padding (array value)
[02:40:48 UTC] [INFO] Processing widget image replacement for key: padding
[02:40:48 UTC] [INFO] No image replacement needed for key: padding - using default case
[02:40:48 UTC] [INFO] Widget has 2 child elements - processing recursively
[02:40:48 UTC] [INFO] Processing Elementor widgets - Total widgets at this level: 2
[02:40:48 UTC] [INFO] Processing widget #1 - Type: heading
[02:40:48 UTC] [INFO] Widget has settings array with 4 items
[02:40:48 UTC] [INFO] Processing setting key: _element_custom_width (array value)
[02:40:48 UTC] [INFO] Processing widget image replacement for key: _element_custom_width
[02:40:48 UTC] [INFO] No image replacement needed for key: _element_custom_width - using default case
[02:40:48 UTC] [INFO] Processing setting key: _element_custom_width_mobile (array value)
[02:40:48 UTC] [INFO] Processing widget image replacement for key: _element_custom_width_mobile
[02:40:48 UTC] [INFO] No image replacement needed for key: _element_custom_width_mobile - using default case
[02:40:48 UTC] [INFO] Widget has 0 child elements - processing recursively
[02:40:48 UTC] [INFO] Processing Elementor widgets - Total widgets at this level: 0
[02:40:48 UTC] [INFO] Completed processing 0 widgets at this level
[02:40:48 UTC] [INFO] Processing widget #2 - Type: hfe-infocard
[02:40:48 UTC] [INFO] Widget has settings array with 17 items
[02:40:48 UTC] [INFO] Processing setting key: infocard_text_link (array value)
[02:40:48 UTC] [INFO] Processing widget image replacement for key: infocard_text_link
[02:40:48 UTC] [INFO] No image replacement needed for key: infocard_text_link - using default case
[02:40:48 UTC] [INFO] Processing setting key: infocard_button_border_size (array value)
[02:40:48 UTC] [INFO] Processing widget image replacement for key: infocard_button_border_size
[02:40:48 UTC] [INFO] No image replacement needed for key: infocard_button_border_size - using default case
[02:40:48 UTC] [INFO] Processing setting key: cta_typography_font_size_mobile (array value)
[02:40:48 UTC] [INFO] Processing widget image replacement for key: cta_typography_font_size_mobile
[02:40:48 UTC] [INFO] No image replacement needed for key: cta_typography_font_size_mobile - using default case
[02:40:48 UTC] [INFO] Processing setting key: infocard_desc_margin (array value)
[02:40:48 UTC] [INFO] Processing widget image replacement for key: infocard_desc_margin
[02:40:48 UTC] [INFO] No image replacement needed for key: infocard_desc_margin - using default case
[02:40:48 UTC] [INFO] Processing setting key: infocard_desc_margin_mobile (array value)
[02:40:48 UTC] [INFO] Processing widget image replacement for key: infocard_desc_margin_mobile
[02:40:48 UTC] [INFO] No image replacement needed for key: infocard_desc_margin_mobile - using default case
[02:40:48 UTC] [INFO] Processing setting key: infocard_cta_margin (array value)
[02:40:48 UTC] [INFO] Processing widget image replacement for key: infocard_cta_margin
[02:40:48 UTC] [INFO] No image replacement needed for key: infocard_cta_margin - using default case
[02:40:48 UTC] [INFO] Processing setting key: _element_custom_width (array value)
[02:40:48 UTC] [INFO] Processing widget image replacement for key: _element_custom_width
[02:40:48 UTC] [INFO] No image replacement needed for key: _element_custom_width - using default case
[02:40:48 UTC] [INFO] Processing setting key: _element_custom_width_mobile (array value)
[02:40:48 UTC] [INFO] Processing widget image replacement for key: _element_custom_width_mobile
[02:40:48 UTC] [INFO] No image replacement needed for key: _element_custom_width_mobile - using default case
[02:40:48 UTC] [INFO] Widget has 0 child elements - processing recursively
[02:40:48 UTC] [INFO] Processing Elementor widgets - Total widgets at this level: 0
[02:40:48 UTC] [INFO] Completed processing 0 widgets at this level
[02:40:48 UTC] [INFO] Completed processing 2 widgets at this level
[02:40:48 UTC] [INFO] Completed processing 2 widgets at this level
[02:40:48 UTC] [INFO] Processing widget #4 - Type: container
[02:40:48 UTC] [INFO] Widget has settings array with 4 items
[02:40:48 UTC] [INFO] Processing setting key: padding (array value)
[02:40:48 UTC] [INFO] Processing widget image replacement for key: padding
[02:40:48 UTC] [INFO] No image replacement needed for key: padding - using default case
[02:40:48 UTC] [INFO] Processing setting key: padding_tablet (array value)
[02:40:48 UTC] [INFO] Processing widget image replacement for key: padding_tablet
[02:40:48 UTC] [INFO] No image replacement needed for key: padding_tablet - using default case
[02:40:48 UTC] [INFO] Processing setting key: padding_mobile (array value)
[02:40:48 UTC] [INFO] Processing widget image replacement for key: padding_mobile
[02:40:48 UTC] [INFO] No image replacement needed for key: padding_mobile - using default case
[02:40:48 UTC] [INFO] Widget has 4 child elements - processing recursively
[02:40:48 UTC] [INFO] Processing Elementor widgets - Total widgets at this level: 4
[02:40:48 UTC] [INFO] Processing widget #1 - Type: text-editor
[02:40:48 UTC] [INFO] Widget has settings array with 11 items
[02:40:48 UTC] [INFO] Processing setting key: typography_font_size (array value)
[02:40:48 UTC] [INFO] Processing widget image replacement for key: typography_font_size
[02:40:48 UTC] [INFO] No image replacement needed for key: typography_font_size - using default case
[02:40:48 UTC] [INFO] Processing setting key: typography_font_size_mobile (array value)
[02:40:48 UTC] [INFO] Processing widget image replacement for key: typography_font_size_mobile
[02:40:48 UTC] [INFO] No image replacement needed for key: typography_font_size_mobile - using default case
[02:40:48 UTC] [INFO] Processing setting key: typography_line_height (array value)
[02:40:48 UTC] [INFO] Processing widget image replacement for key: typography_line_height
[02:40:48 UTC] [INFO] No image replacement needed for key: typography_line_height - using default case
[02:40:48 UTC] [INFO] Processing setting key: typography_letter_spacing (array value)
[02:40:48 UTC] [INFO] Processing widget image replacement for key: typography_letter_spacing
[02:40:48 UTC] [INFO] No image replacement needed for key: typography_letter_spacing - using default case
[02:40:48 UTC] [INFO] Processing setting key: paragraph_spacing (array value)
[02:40:48 UTC] [INFO] Processing widget image replacement for key: paragraph_spacing
[02:40:48 UTC] [INFO] No image replacement needed for key: paragraph_spacing - using default case
[02:40:48 UTC] [INFO] Processing setting key: __globals__ (array value)
[02:40:48 UTC] [INFO] Processing widget image replacement for key: __globals__
[02:40:48 UTC] [INFO] No image replacement needed for key: __globals__ - using default case
[02:40:48 UTC] [INFO] Widget has 0 child elements - processing recursively
[02:40:48 UTC] [INFO] Processing Elementor widgets - Total widgets at this level: 0
[02:40:48 UTC] [INFO] Completed processing 0 widgets at this level
[02:40:48 UTC] [INFO] Processing widget #2 - Type: heading
[02:40:48 UTC] [INFO] Widget has settings array with 8 items
[02:40:48 UTC] [INFO] Processing setting key: _margin (array value)
[02:40:48 UTC] [INFO] Processing widget image replacement for key: _margin
[02:40:48 UTC] [INFO] No image replacement needed for key: _margin - using default case
[02:40:48 UTC] [INFO] Processing setting key: _margin_tablet (array value)
[02:40:48 UTC] [INFO] Processing widget image replacement for key: _margin_tablet
[02:40:48 UTC] [INFO] No image replacement needed for key: _margin_tablet - using default case
[02:40:48 UTC] [INFO] Processing setting key: _margin_mobile (array value)
[02:40:48 UTC] [INFO] Processing widget image replacement for key: _margin_mobile
[02:40:48 UTC] [INFO] No image replacement needed for key: _margin_mobile - using default case
[02:40:48 UTC] [INFO] Processing setting key: _padding (array value)
[02:40:48 UTC] [INFO] Processing widget image replacement for key: _padding
[02:40:48 UTC] [INFO] No image replacement needed for key: _padding - using default case
[02:40:48 UTC] [INFO] Processing setting key: _padding_tablet (array value)
[02:40:48 UTC] [INFO] Processing widget image replacement for key: _padding_tablet
[02:40:48 UTC] [INFO] No image replacement needed for key: _padding_tablet - using default case
[02:40:48 UTC] [INFO] Processing setting key: _padding_mobile (array value)
[02:40:48 UTC] [INFO] Processing widget image replacement for key: _padding_mobile
[02:40:48 UTC] [INFO] No image replacement needed for key: _padding_mobile - using default case
[02:40:48 UTC] [INFO] Widget has 0 child elements - processing recursively
[02:40:48 UTC] [INFO] Processing Elementor widgets - Total widgets at this level: 0
[02:40:48 UTC] [INFO] Completed processing 0 widgets at this level
[02:40:48 UTC] [INFO] Processing widget #3 - Type: container
[02:40:48 UTC] [INFO] Widget has settings array with 9 items
[02:40:48 UTC] [INFO] Processing setting key: flex_gap (array value)
[02:40:48 UTC] [INFO] Processing widget image replacement for key: flex_gap
[02:40:48 UTC] [INFO] No image replacement needed for key: flex_gap - using default case
[02:40:48 UTC] [INFO] Processing setting key: flex_gap_tablet (array value)
[02:40:48 UTC] [INFO] Processing widget image replacement for key: flex_gap_tablet
[02:40:48 UTC] [INFO] No image replacement needed for key: flex_gap_tablet - using default case
[02:40:48 UTC] [INFO] Processing setting key: flex_gap_mobile (array value)
[02:40:48 UTC] [INFO] Processing widget image replacement for key: flex_gap_mobile
[02:40:48 UTC] [INFO] No image replacement needed for key: flex_gap_mobile - using default case
[02:40:48 UTC] [INFO] Processing setting key: margin (array value)
[02:40:48 UTC] [INFO] Processing widget image replacement for key: margin
[02:40:48 UTC] [INFO] No image replacement needed for key: margin - using default case
[02:40:48 UTC] [INFO] Processing setting key: margin_tablet (array value)
[02:40:48 UTC] [INFO] Processing widget image replacement for key: margin_tablet
[02:40:48 UTC] [INFO] No image replacement needed for key: margin_tablet - using default case
[02:40:48 UTC] [INFO] Processing setting key: padding (array value)
[02:40:48 UTC] [INFO] Processing widget image replacement for key: padding
[02:40:48 UTC] [INFO] No image replacement needed for key: padding - using default case
[02:40:48 UTC] [INFO] Widget has 2 child elements - processing recursively
[02:40:48 UTC] [INFO] Processing Elementor widgets - Total widgets at this level: 2
[02:40:48 UTC] [INFO] Processing widget #1 - Type: image
[02:40:48 UTC] [INFO] Widget has settings array with 13 items
[02:40:48 UTC] [INFO] Processing setting key: image (array value)
[02:40:48 UTC] [INFO] Processing widget image replacement for key: image
[02:40:48 UTC] [INFO] Replacing single image for key: image - Original URL: http://e-entrepreneur3.ziptemplates.top/wp-content/uploads/2025/09/my-ventures-01.jpg
[02:40:48 UTC] [INFO] Getting new image attachment - Current image index: 2
[02:40:48 UTC] [INFO] Retrieved image data from index 2 - attempting download
[02:40:48 UTC] [INFO] Image downloaded successfully - Attachment ID: 17
[02:40:48 UTC] [INFO] Successfully created new attachment - ID: 17 - URL: http://localhost/wp_site/wp-content/uploads/2026/08/pexels-photo-31401740.jpeg - Image index incremented from 2 to 3
[02:40:48 UTC] [INFO] Single image replaced for key: image - New URL: http://localhost/wp_site/wp-content/uploads/2026/08/pexels-photo-31401740.jpeg - New ID: 17
[02:40:48 UTC] [INFO] Processing setting key: width (array value)
[02:40:48 UTC] [INFO] Processing widget image replacement for key: width
[02:40:48 UTC] [INFO] No image replacement needed for key: width - using default case
[02:40:48 UTC] [INFO] Processing setting key: width_tablet (array value)
[02:40:48 UTC] [INFO] Processing widget image replacement for key: width_tablet
[02:40:48 UTC] [INFO] No image replacement needed for key: width_tablet - using default case
[02:40:48 UTC] [INFO] Processing setting key: width_mobile (array value)
[02:40:48 UTC] [INFO] Processing widget image replacement for key: width_mobile
[02:40:48 UTC] [INFO] No image replacement needed for key: width_mobile - using default case
[02:40:48 UTC] [INFO] Processing setting key: height (array value)
[02:40:48 UTC] [INFO] Processing widget image replacement for key: height
[02:40:48 UTC] [INFO] No image replacement needed for key: height - using default case
[02:40:48 UTC] [INFO] Processing setting key: height_tablet (array value)
[02:40:48 UTC] [INFO] Processing widget image replacement for key: height_tablet
[02:40:48 UTC] [INFO] No image replacement needed for key: height_tablet - using default case
[02:40:48 UTC] [INFO] Processing setting key: image_border_radius (array value)
[02:40:48 UTC] [INFO] Processing widget image replacement for key: image_border_radius
[02:40:48 UTC] [INFO] No image replacement needed for key: image_border_radius - using default case
[02:40:48 UTC] [INFO] Processing setting key: _element_custom_width (array value)
[02:40:48 UTC] [INFO] Processing widget image replacement for key: _element_custom_width
[02:40:48 UTC] [INFO] No image replacement needed for key: _element_custom_width - using default case
[02:40:48 UTC] [INFO] Processing setting key: _element_custom_width_mobile (array value)
[02:40:48 UTC] [INFO] Processing widget image replacement for key: _element_custom_width_mobile
[02:40:48 UTC] [INFO] No image replacement needed for key: _element_custom_width_mobile - using default case
[02:40:48 UTC] [INFO] Widget has 0 child elements - processing recursively
[02:40:48 UTC] [INFO] Processing Elementor widgets - Total widgets at this level: 0
[02:40:48 UTC] [INFO] Completed processing 0 widgets at this level
[02:40:48 UTC] [INFO] Processing widget #2 - Type: container
[02:40:48 UTC] [INFO] Widget has settings array with 4 items
[02:40:48 UTC] [INFO] Processing setting key: width (array value)
[02:40:48 UTC] [INFO] Processing widget image replacement for key: width
[02:40:48 UTC] [INFO] No image replacement needed for key: width - using default case
[02:40:48 UTC] [INFO] Processing setting key: padding (array value)
[02:40:48 UTC] [INFO] Processing widget image replacement for key: padding
[02:40:48 UTC] [INFO] No image replacement needed for key: padding - using default case
[02:40:48 UTC] [INFO] Widget has 2 child elements - processing recursively
[02:40:48 UTC] [INFO] Processing Elementor widgets - Total widgets at this level: 2
[02:40:48 UTC] [INFO] Processing widget #1 - Type: hfe-infocard
[02:40:48 UTC] [INFO] Widget has settings array with 12 items
[02:40:48 UTC] [INFO] Processing setting key: infocard_title_margin (array value)
[02:40:48 UTC] [INFO] Processing widget image replacement for key: infocard_title_margin
[02:40:48 UTC] [INFO] No image replacement needed for key: infocard_title_margin - using default case
[02:40:48 UTC] [INFO] Processing setting key: infocard_title_margin_tablet (array value)
[02:40:48 UTC] [INFO] Processing widget image replacement for key: infocard_title_margin_tablet
[02:40:48 UTC] [INFO] No image replacement needed for key: infocard_title_margin_tablet - using default case
[02:40:48 UTC] [INFO] Processing setting key: infocard_title_margin_mobile (array value)
[02:40:48 UTC] [INFO] Processing widget image replacement for key: infocard_title_margin_mobile
[02:40:48 UTC] [INFO] No image replacement needed for key: infocard_title_margin_mobile - using default case
[02:40:48 UTC] [INFO] Processing setting key: infocard_desc_margin (array value)
[02:40:48 UTC] [INFO] Processing widget image replacement for key: infocard_desc_margin
[02:40:48 UTC] [INFO] No image replacement needed for key: infocard_desc_margin - using default case
[02:40:48 UTC] [INFO] Processing setting key: infocard_desc_margin_tablet (array value)
[02:40:48 UTC] [INFO] Processing widget image replacement for key: infocard_desc_margin_tablet
[02:40:48 UTC] [INFO] No image replacement needed for key: infocard_desc_margin_tablet - using default case
[02:40:48 UTC] [INFO] Processing setting key: infocard_desc_margin_mobile (array value)
[02:40:48 UTC] [INFO] Processing widget image replacement for key: infocard_desc_margin_mobile
[02:40:48 UTC] [INFO] No image replacement needed for key: infocard_desc_margin_mobile - using default case
[02:40:48 UTC] [INFO] Widget has 0 child elements - processing recursively
[02:40:48 UTC] [INFO] Processing Elementor widgets - Total widgets at this level: 0
[02:40:48 UTC] [INFO] Completed processing 0 widgets at this level
[02:40:48 UTC] [INFO] Processing widget #2 - Type: button
[02:40:48 UTC] [INFO] Widget has settings array with 12 items
[02:40:48 UTC] [INFO] Processing setting key: link (array value)
[02:40:48 UTC] [INFO] Processing widget image replacement for key: link
[02:40:48 UTC] [INFO] No image replacement needed for key: link - using default case
[02:40:48 UTC] [INFO] Processing setting key: selected_icon (array value)
[02:40:48 UTC] [INFO] Processing widget image replacement for key: selected_icon
[02:40:48 UTC] [INFO] No image replacement needed for key: selected_icon - using default case
[02:40:48 UTC] [INFO] Processing setting key: icon_indent (array value)
[02:40:48 UTC] [INFO] Processing widget image replacement for key: icon_indent
[02:40:48 UTC] [INFO] No image replacement needed for key: icon_indent - using default case
[02:40:48 UTC] [INFO] Processing setting key: typography_font_size_mobile (array value)
[02:40:48 UTC] [INFO] Processing widget image replacement for key: typography_font_size_mobile
[02:40:48 UTC] [INFO] No image replacement needed for key: typography_font_size_mobile - using default case
[02:40:48 UTC] [INFO] Processing setting key: border_radius (array value)
[02:40:48 UTC] [INFO] Processing widget image replacement for key: border_radius
[02:40:48 UTC] [INFO] No image replacement needed for key: border_radius - using default case
[02:40:48 UTC] [INFO] Processing setting key: text_padding (array value)
[02:40:48 UTC] [INFO] Processing widget image replacement for key: text_padding
[02:40:48 UTC] [INFO] No image replacement needed for key: text_padding - using default case
[02:40:48 UTC] [INFO] Processing setting key: __globals__ (array value)
[02:40:48 UTC] [INFO] Processing widget image replacement for key: __globals__
[02:40:48 UTC] [INFO] No image replacement needed for key: __globals__ - using default case
[02:40:48 UTC] [INFO] Widget has 0 child elements - processing recursively
[02:40:48 UTC] [INFO] Processing Elementor widgets - Total widgets at this level: 0
[02:40:48 UTC] [INFO] Completed processing 0 widgets at this level
[02:40:48 UTC] [INFO] Completed processing 2 widgets at this level
[02:40:48 UTC] [INFO] Completed processing 2 widgets at this level
[02:40:48 UTC] [INFO] Processing widget #4 - Type: container
[02:40:48 UTC] [INFO] Widget has settings array with 11 items
[02:40:48 UTC] [INFO] Processing setting key: flex_gap (array value)
[02:40:48 UTC] [INFO] Processing widget image replacement for key: flex_gap
[02:40:48 UTC] [INFO] No image replacement needed for key: flex_gap - using default case
[02:40:48 UTC] [INFO] Processing setting key: flex_gap_tablet (array value)
[02:40:48 UTC] [INFO] Processing widget image replacement for key: flex_gap_tablet
[02:40:48 UTC] [INFO] No image replacement needed for key: flex_gap_tablet - using default case
[02:40:48 UTC] [INFO] Processing setting key: flex_gap_mobile (array value)
[02:40:48 UTC] [INFO] Processing widget image replacement for key: flex_gap_mobile
[02:40:48 UTC] [INFO] No image replacement needed for key: flex_gap_mobile - using default case
[02:40:48 UTC] [INFO] Processing setting key: margin (array value)
[02:40:48 UTC] [INFO] Processing widget image replacement for key: margin
[02:40:48 UTC] [INFO] No image replacement needed for key: margin - using default case
[02:40:48 UTC] [INFO] Processing setting key: margin_tablet (array value)
[02:40:48 UTC] [INFO] Processing widget image replacement for key: margin_tablet
[02:40:48 UTC] [INFO] No image replacement needed for key: margin_tablet - using default case
[02:40:48 UTC] [INFO] Processing setting key: margin_mobile (array value)
[02:40:48 UTC] [INFO] Processing widget image replacement for key: margin_mobile
[02:40:48 UTC] [INFO] No image replacement needed for key: margin_mobile - using default case
[02:40:48 UTC] [INFO] Processing setting key: padding (array value)
[02:40:48 UTC] [INFO] Processing widget image replacement for key: padding
[02:40:48 UTC] [INFO] No image replacement needed for key: padding - using default case
[02:40:48 UTC] [INFO] Widget has 2 child elements - processing recursively
[02:40:48 UTC] [INFO] Processing Elementor widgets - Total widgets at this level: 2
[02:40:48 UTC] [INFO] Processing widget #1 - Type: container
[02:40:48 UTC] [INFO] Widget has settings array with 4 items
[02:40:48 UTC] [INFO] Processing setting key: width (array value)
[02:40:48 UTC] [INFO] Processing widget image replacement for key: width
[02:40:48 UTC] [INFO] No image replacement needed for key: width - using default case
[02:40:48 UTC] [INFO] Processing setting key: padding (array value)
[02:40:48 UTC] [INFO] Processing widget image replacement for key: padding
[02:40:48 UTC] [INFO] No image replacement needed for key: padding - using default case
[02:40:48 UTC] [INFO] Widget has 2 child elements - processing recursively
[02:40:48 UTC] [INFO] Processing Elementor widgets - Total widgets at this level: 2
[02:40:48 UTC] [INFO] Processing widget #1 - Type: hfe-infocard
[02:40:48 UTC] [INFO] Widget has settings array with 12 items
[02:40:48 UTC] [INFO] Processing setting key: infocard_title_margin (array value)
[02:40:48 UTC] [INFO] Processing widget image replacement for key: infocard_title_margin
[02:40:48 UTC] [INFO] No image replacement needed for key: infocard_title_margin - using default case
[02:40:48 UTC] [INFO] Processing setting key: infocard_title_margin_tablet (array value)
[02:40:48 UTC] [INFO] Processing widget image replacement for key: infocard_title_margin_tablet
[02:40:48 UTC] [INFO] No image replacement needed for key: infocard_title_margin_tablet - using default case
[02:40:48 UTC] [INFO] Processing setting key: infocard_title_margin_mobile (array value)
[02:40:48 UTC] [INFO] Processing widget image replacement for key: infocard_title_margin_mobile
[02:40:48 UTC] [INFO] No image replacement needed for key: infocard_title_margin_mobile - using default case
[02:40:48 UTC] [INFO] Processing setting key: infocard_desc_margin (array value)
[02:40:48 UTC] [INFO] Processing widget image replacement for key: infocard_desc_margin
[02:40:48 UTC] [INFO] No image replacement needed for key: infocard_desc_margin - using default case
[02:40:48 UTC] [INFO] Processing setting key: infocard_desc_margin_tablet (array value)
[02:40:48 UTC] [INFO] Processing widget image replacement for key: infocard_desc_margin_tablet
[02:40:48 UTC] [INFO] No image replacement needed for key: infocard_desc_margin_tablet - using default case
[02:40:48 UTC] [INFO] Processing setting key: infocard_desc_margin_mobile (array value)
[02:40:48 UTC] [INFO] Processing widget image replacement for key: infocard_desc_margin_mobile
[02:40:48 UTC] [INFO] No image replacement needed for key: infocard_desc_margin_mobile - using default case
[02:40:48 UTC] [INFO] Widget has 0 child elements - processing recursively
[02:40:48 UTC] [INFO] Processing Elementor widgets - Total widgets at this level: 0
[02:40:48 UTC] [INFO] Completed processing 0 widgets at this level
[02:40:48 UTC] [INFO] Processing widget #2 - Type: button
[02:40:48 UTC] [INFO] Widget has settings array with 12 items
[02:40:48 UTC] [INFO] Processing setting key: link (array value)
[02:40:48 UTC] [INFO] Processing widget image replacement for key: link
[02:40:48 UTC] [INFO] No image replacement needed for key: link - using default case
[02:40:48 UTC] [INFO] Processing setting key: selected_icon (array value)
[02:40:48 UTC] [INFO] Processing widget image replacement for key: selected_icon
[02:40:48 UTC] [INFO] No image replacement needed for key: selected_icon - using default case
[02:40:48 UTC] [INFO] Processing setting key: icon_indent (array value)
[02:40:48 UTC] [INFO] Processing widget image replacement for key: icon_indent
[02:40:48 UTC] [INFO] No image replacement needed for key: icon_indent - using default case
[02:40:48 UTC] [INFO] Processing setting key: typography_font_size_mobile (array value)
[02:40:48 UTC] [INFO] Processing widget image replacement for key: typography_font_size_mobile
[02:40:48 UTC] [INFO] No image replacement needed for key: typography_font_size_mobile - using default case
[02:40:48 UTC] [INFO] Processing setting key: border_radius (array value)
[02:40:48 UTC] [INFO] Processing widget image replacement for key: border_radius
[02:40:48 UTC] [INFO] No image replacement needed for key: border_radius - using default case
[02:40:48 UTC] [INFO] Processing setting key: text_padding (array value)
[02:40:48 UTC] [INFO] Processing widget image replacement for key: text_padding
[02:40:48 UTC] [INFO] No image replacement needed for key: text_padding - using default case
[02:40:48 UTC] [INFO] Processing setting key: __globals__ (array value)
[02:40:48 UTC] [INFO] Processing widget image replacement for key: __globals__
[02:40:48 UTC] [INFO] No image replacement needed for key: __globals__ - using default case
[02:40:48 UTC] [INFO] Widget has 0 child elements - processing recursively
[02:40:48 UTC] [INFO] Processing Elementor widgets - Total widgets at this level: 0
[02:40:48 UTC] [INFO] Completed processing 0 widgets at this level
[02:40:48 UTC] [INFO] Completed processing 2 widgets at this level
[02:40:48 UTC] [INFO] Processing widget #2 - Type: image
[02:40:48 UTC] [INFO] Widget has settings array with 13 items
[02:40:48 UTC] [INFO] Processing setting key: image (array value)
[02:40:48 UTC] [INFO] Processing widget image replacement for key: image
[02:40:48 UTC] [INFO] Replacing single image for key: image - Original URL: http://e-entrepreneur3.ziptemplates.top/wp-content/uploads/2025/09/my-ventures-02.jpg
[02:40:48 UTC] [INFO] Getting new image attachment - Current image index: 3
[02:40:48 UTC] [INFO] Retrieved image data from index 3 - attempting download
[02:40:48 UTC] [INFO] Image downloaded successfully - Attachment ID: 18
[02:40:48 UTC] [INFO] Successfully created new attachment - ID: 18 - URL: http://localhost/wp_site/wp-content/uploads/2026/08/pexels-photo-18186236.jpeg - Image index incremented from 3 to 0
[02:40:48 UTC] [INFO] Single image replaced for key: image - New URL: http://localhost/wp_site/wp-content/uploads/2026/08/pexels-photo-18186236.jpeg - New ID: 18
[02:40:48 UTC] [INFO] Processing setting key: width (array value)
[02:40:48 UTC] [INFO] Processing widget image replacement for key: width
[02:40:48 UTC] [INFO] No image replacement needed for key: width - using default case
[02:40:48 UTC] [INFO] Processing setting key: width_tablet (array value)
[02:40:48 UTC] [INFO] Processing widget image replacement for key: width_tablet
[02:40:48 UTC] [INFO] No image replacement needed for key: width_tablet - using default case
[02:40:48 UTC] [INFO] Processing setting key: width_mobile (array value)
[02:40:48 UTC] [INFO] Processing widget image replacement for key: width_mobile
[02:40:48 UTC] [INFO] No image replacement needed for key: width_mobile - using default case
[02:40:48 UTC] [INFO] Processing setting key: height (array value)
[02:40:48 UTC] [INFO] Processing widget image replacement for key: height
[02:40:48 UTC] [INFO] No image replacement needed for key: height - using default case
[02:40:48 UTC] [INFO] Processing setting key: height_tablet (array value)
[02:40:48 UTC] [INFO] Processing widget image replacement for key: height_tablet
[02:40:48 UTC] [INFO] No image replacement needed for key: height_tablet - using default case
[02:40:48 UTC] [INFO] Processing setting key: image_border_radius (array value)
[02:40:48 UTC] [INFO] Processing widget image replacement for key: image_border_radius
[02:40:48 UTC] [INFO] No image replacement needed for key: image_border_radius - using default case
[02:40:48 UTC] [INFO] Processing setting key: _element_custom_width (array value)
[02:40:48 UTC] [INFO] Processing widget image replacement for key: _element_custom_width
[02:40:48 UTC] [INFO] No image replacement needed for key: _element_custom_width - using default case
[02:40:48 UTC] [INFO] Processing setting key: _element_custom_width_mobile (array value)
[02:40:48 UTC] [INFO] Processing widget image replacement for key: _element_custom_width_mobile
[02:40:48 UTC] [INFO] No image replacement needed for key: _element_custom_width_mobile - using default case
[02:40:48 UTC] [INFO] Widget has 0 child elements - processing recursively
[02:40:48 UTC] [INFO] Processing Elementor widgets - Total widgets at this level: 0
[02:40:48 UTC] [INFO] Completed processing 0 widgets at this level
[02:40:48 UTC] [INFO] Completed processing 2 widgets at this level
[02:40:48 UTC] [INFO] Completed processing 4 widgets at this level
[02:40:48 UTC] [INFO] Processing widget #5 - Type: container
[02:40:48 UTC] [INFO] Widget has settings array with 10 items
[02:40:48 UTC] [INFO] Processing setting key: flex_gap_tablet (array value)
[02:40:48 UTC] [INFO] Processing widget image replacement for key: flex_gap_tablet
[02:40:48 UTC] [INFO] No image replacement needed for key: flex_gap_tablet - using default case
[02:40:48 UTC] [INFO] Processing setting key: flex_gap_mobile (array value)
[02:40:48 UTC] [INFO] Processing widget image replacement for key: flex_gap_mobile
[02:40:48 UTC] [INFO] No image replacement needed for key: flex_gap_mobile - using default case
[02:40:48 UTC] [INFO] Processing setting key: padding (array value)
[02:40:48 UTC] [INFO] Processing widget image replacement for key: padding
[02:40:48 UTC] [INFO] No image replacement needed for key: padding - using default case
[02:40:48 UTC] [INFO] Processing setting key: padding_tablet (array value)
[02:40:48 UTC] [INFO] Processing widget image replacement for key: padding_tablet
[02:40:48 UTC] [INFO] No image replacement needed for key: padding_tablet - using default case
[02:40:48 UTC] [INFO] Processing setting key: padding_mobile (array value)
[02:40:48 UTC] [INFO] Processing widget image replacement for key: padding_mobile
[02:40:48 UTC] [INFO] No image replacement needed for key: padding_mobile - using default case
[02:40:48 UTC] [INFO] Processing setting key: __globals__ (array value)
[02:40:48 UTC] [INFO] Processing widget image replacement for key: __globals__
[02:40:48 UTC] [INFO] No image replacement needed for key: __globals__ - using default case
[02:40:48 UTC] [INFO] Widget has 2 child elements - processing recursively
[02:40:48 UTC] [INFO] Processing Elementor widgets - Total widgets at this level: 2
[02:40:48 UTC] [INFO] Processing widget #1 - Type: heading
[02:40:48 UTC] [INFO] Widget has settings array with 10 items
[02:40:48 UTC] [INFO] Processing setting key: _element_custom_width (array value)
[02:40:48 UTC] [INFO] Processing widget image replacement for key: _element_custom_width
[02:40:48 UTC] [INFO] No image replacement needed for key: _element_custom_width - using default case
[02:40:48 UTC] [INFO] Processing setting key: _element_custom_width_tablet (array value)
[02:40:48 UTC] [INFO] Processing widget image replacement for key: _element_custom_width_tablet
[02:40:48 UTC] [INFO] No image replacement needed for key: _element_custom_width_tablet - using default case
[02:40:48 UTC] [INFO] Processing setting key: _element_custom_width_mobile (array value)
[02:40:48 UTC] [INFO] Processing widget image replacement for key: _element_custom_width_mobile
[02:40:48 UTC] [INFO] No image replacement needed for key: _element_custom_width_mobile - using default case
[02:40:48 UTC] [INFO] Widget has 0 child elements - processing recursively
[02:40:48 UTC] [INFO] Processing Elementor widgets - Total widgets at this level: 0
[02:40:48 UTC] [INFO] Completed processing 0 widgets at this level
[02:40:48 UTC] [INFO] Processing widget #2 - Type: button
[02:40:48 UTC] [INFO] Widget has settings array with 10 items
[02:40:48 UTC] [INFO] Processing setting key: link (array value)
[02:40:48 UTC] [INFO] Processing widget image replacement for key: link
[02:40:48 UTC] [INFO] No image replacement needed for key: link - using default case
[02:40:48 UTC] [INFO] Processing setting key: typography_font_size_mobile (array value)
[02:40:48 UTC] [INFO] Processing widget image replacement for key: typography_font_size_mobile
[02:40:48 UTC] [INFO] No image replacement needed for key: typography_font_size_mobile - using default case
[02:40:48 UTC] [INFO] Processing setting key: _element_custom_width (array value)
[02:40:48 UTC] [INFO] Processing widget image replacement for key: _element_custom_width
[02:40:48 UTC] [INFO] No image replacement needed for key: _element_custom_width - using default case
[02:40:48 UTC] [INFO] Processing setting key: _element_custom_width_tablet (array value)
[02:40:48 UTC] [INFO] Processing widget image replacement for key: _element_custom_width_tablet
[02:40:48 UTC] [INFO] No image replacement needed for key: _element_custom_width_tablet - using default case
[02:40:48 UTC] [INFO] Processing setting key: _element_custom_width_mobile (array value)
[02:40:48 UTC] [INFO] Processing widget image replacement for key: _element_custom_width_mobile
[02:40:48 UTC] [INFO] No image replacement needed for key: _element_custom_width_mobile - using default case
[02:40:48 UTC] [INFO] Widget has 0 child elements - processing recursively
[02:40:48 UTC] [INFO] Processing Elementor widgets - Total widgets at this level: 0
[02:40:48 UTC] [INFO] Completed processing 0 widgets at this level
[02:40:48 UTC] [INFO] Completed processing 2 widgets at this level
[02:40:48 UTC] [INFO] Processing widget #6 - Type: container
[02:40:48 UTC] [INFO] Widget has settings array with 4 items
[02:40:48 UTC] [INFO] Processing setting key: padding (array value)
[02:40:48 UTC] [INFO] Processing widget image replacement for key: padding
[02:40:48 UTC] [INFO] No image replacement needed for key: padding - using default case
[02:40:48 UTC] [INFO] Processing setting key: padding_tablet (array value)
[02:40:48 UTC] [INFO] Processing widget image replacement for key: padding_tablet
[02:40:48 UTC] [INFO] No image replacement needed for key: padding_tablet - using default case
[02:40:48 UTC] [INFO] Processing setting key: padding_mobile (array value)
[02:40:48 UTC] [INFO] Processing widget image replacement for key: padding_mobile
[02:40:48 UTC] [INFO] No image replacement needed for key: padding_mobile - using default case
[02:40:48 UTC] [INFO] Widget has 2 child elements - processing recursively
[02:40:48 UTC] [INFO] Processing Elementor widgets - Total widgets at this level: 2
[02:40:48 UTC] [INFO] Processing widget #1 - Type: container
[02:40:48 UTC] [INFO] Widget has settings array with 6 items
[02:40:48 UTC] [INFO] Processing setting key: flex_gap_mobile (array value)
[02:40:48 UTC] [INFO] Processing widget image replacement for key: flex_gap_mobile
[02:40:48 UTC] [INFO] No image replacement needed for key: flex_gap_mobile - using default case
[02:40:48 UTC] [INFO] Processing setting key: padding (array value)
[02:40:48 UTC] [INFO] Processing widget image replacement for key: padding
[02:40:48 UTC] [INFO] No image replacement needed for key: padding - using default case
[02:40:48 UTC] [INFO] Widget has 2 child elements - processing recursively
[02:40:48 UTC] [INFO] Processing Elementor widgets - Total widgets at this level: 2
[02:40:48 UTC] [INFO] Processing widget #1 - Type: heading
[02:40:48 UTC] [INFO] Widget has settings array with 5 items
[02:40:48 UTC] [INFO] Processing setting key: _element_custom_width (array value)
[02:40:48 UTC] [INFO] Processing widget image replacement for key: _element_custom_width
[02:40:48 UTC] [INFO] No image replacement needed for key: _element_custom_width - using default case
[02:40:48 UTC] [INFO] Processing setting key: _element_custom_width_mobile (array value)
[02:40:48 UTC] [INFO] Processing widget image replacement for key: _element_custom_width_mobile
[02:40:48 UTC] [INFO] No image replacement needed for key: _element_custom_width_mobile - using default case
[02:40:48 UTC] [INFO] Widget has 0 child elements - processing recursively
[02:40:48 UTC] [INFO] Processing Elementor widgets - Total widgets at this level: 0
[02:40:48 UTC] [INFO] Completed processing 0 widgets at this level
[02:40:48 UTC] [INFO] Processing widget #2 - Type: button
[02:40:48 UTC] [INFO] Widget has settings array with 17 items
[02:40:48 UTC] [INFO] Processing setting key: link (array value)
[02:40:48 UTC] [INFO] Processing widget image replacement for key: link
[02:40:48 UTC] [INFO] No image replacement needed for key: link - using default case
[02:40:48 UTC] [INFO] Processing setting key: selected_icon (array value)
[02:40:48 UTC] [INFO] Processing widget image replacement for key: selected_icon
[02:40:48 UTC] [INFO] No image replacement needed for key: selected_icon - using default case
[02:40:48 UTC] [INFO] Processing setting key: icon_indent (array value)
[02:40:48 UTC] [INFO] Processing widget image replacement for key: icon_indent
[02:40:48 UTC] [INFO] No image replacement needed for key: icon_indent - using default case
[02:40:48 UTC] [INFO] Processing setting key: typography_font_size_mobile (array value)
[02:40:48 UTC] [INFO] Processing widget image replacement for key: typography_font_size_mobile
[02:40:48 UTC] [INFO] No image replacement needed for key: typography_font_size_mobile - using default case
[02:40:48 UTC] [INFO] Processing setting key: border_radius (array value)
[02:40:48 UTC] [INFO] Processing widget image replacement for key: border_radius
[02:40:48 UTC] [INFO] No image replacement needed for key: border_radius - using default case
[02:40:48 UTC] [INFO] Processing setting key: text_padding (array value)
[02:40:48 UTC] [INFO] Processing widget image replacement for key: text_padding
[02:40:48 UTC] [INFO] No image replacement needed for key: text_padding - using default case
[02:40:48 UTC] [INFO] Processing setting key: _element_custom_width (array value)
[02:40:48 UTC] [INFO] Processing widget image replacement for key: _element_custom_width
[02:40:48 UTC] [INFO] No image replacement needed for key: _element_custom_width - using default case
[02:40:48 UTC] [INFO] Processing setting key: _element_custom_width_mobile (array value)
[02:40:48 UTC] [INFO] Processing widget image replacement for key: _element_custom_width_mobile
[02:40:48 UTC] [INFO] No image replacement needed for key: _element_custom_width_mobile - using default case
[02:40:48 UTC] [INFO] Processing setting key: __globals__ (array value)
[02:40:48 UTC] [INFO] Processing widget image replacement for key: __globals__
[02:40:48 UTC] [INFO] No image replacement needed for key: __globals__ - using default case
[02:40:48 UTC] [INFO] Widget has 0 child elements - processing recursively
[02:40:48 UTC] [INFO] Processing Elementor widgets - Total widgets at this level: 0
[02:40:48 UTC] [INFO] Completed processing 0 widgets at this level
[02:40:48 UTC] [INFO] Completed processing 2 widgets at this level
[02:40:48 UTC] [INFO] Processing widget #2 - Type: container
[02:40:48 UTC] [INFO] Widget has settings array with 9 items
[02:40:48 UTC] [INFO] Processing setting key: flex_gap (array value)
[02:40:48 UTC] [INFO] Processing widget image replacement for key: flex_gap
[02:40:48 UTC] [INFO] No image replacement needed for key: flex_gap - using default case
[02:40:48 UTC] [INFO] Processing setting key: flex_gap_tablet (array value)
[02:40:48 UTC] [INFO] Processing widget image replacement for key: flex_gap_tablet
[02:40:48 UTC] [INFO] No image replacement needed for key: flex_gap_tablet - using default case
[02:40:48 UTC] [INFO] Processing setting key: flex_gap_mobile (array value)
[02:40:48 UTC] [INFO] Processing widget image replacement for key: flex_gap_mobile
[02:40:48 UTC] [INFO] No image replacement needed for key: flex_gap_mobile - using default case
[02:40:48 UTC] [INFO] Processing setting key: margin (array value)
[02:40:48 UTC] [INFO] Processing widget image replacement for key: margin
[02:40:48 UTC] [INFO] No image replacement needed for key: margin - using default case
[02:40:48 UTC] [INFO] Processing setting key: margin_tablet (array value)
[02:40:48 UTC] [INFO] Processing widget image replacement for key: margin_tablet
[02:40:48 UTC] [INFO] No image replacement needed for key: margin_tablet - using default case
[02:40:48 UTC] [INFO] Processing setting key: padding (array value)
[02:40:48 UTC] [INFO] Processing widget image replacement for key: padding
[02:40:48 UTC] [INFO] No image replacement needed for key: padding - using default case
[02:40:48 UTC] [INFO] Widget has 3 child elements - processing recursively
[02:40:48 UTC] [INFO] Processing Elementor widgets - Total widgets at this level: 3
[02:40:48 UTC] [INFO] Processing widget #1 - Type: container
[02:40:48 UTC] [INFO] Widget has settings array with 3 items
[02:40:48 UTC] [INFO] Processing setting key: width (array value)
[02:40:48 UTC] [INFO] Processing widget image replacement for key: width
[02:40:48 UTC] [INFO] No image replacement needed for key: width - using default case
[02:40:48 UTC] [INFO] Processing setting key: padding (array value)
[02:40:48 UTC] [INFO] Processing widget image replacement for key: padding
[02:40:48 UTC] [INFO] No image replacement needed for key: padding - using default case
[02:40:48 UTC] [INFO] Widget has 2 child elements - processing recursively
[02:40:48 UTC] [INFO] Processing Elementor widgets - Total widgets at this level: 2
[02:40:48 UTC] [INFO] Processing widget #1 - Type: image
[02:40:48 UTC] [INFO] Widget has settings array with 9 items
[02:40:48 UTC] [INFO] Processing setting key: image (array value)
[02:40:48 UTC] [INFO] Processing widget image replacement for key: image
[02:40:48 UTC] [INFO] Replacing single image for key: image - Original URL: http://e-entrepreneur3.ziptemplates.top/wp-content/uploads/2025/09/article-03.jpg
[02:40:48 UTC] [INFO] Getting new image attachment - Current image index: 0
[02:40:48 UTC] [INFO] Retrieved image data from index 0 - attempting download
[02:40:48 UTC] [INFO] Image downloaded successfully - Attachment ID: 15
[02:40:48 UTC] [INFO] Successfully created new attachment - ID: 15 - URL: http://localhost/wp_site/wp-content/uploads/2026/08/pexels-photo-19572634.jpeg - Image index incremented from 0 to 1
[02:40:48 UTC] [INFO] Single image replaced for key: image - New URL: http://localhost/wp_site/wp-content/uploads/2026/08/pexels-photo-19572634.jpeg - New ID: 15
[02:40:48 UTC] [INFO] Processing setting key: width (array value)
[02:40:48 UTC] [INFO] Processing widget image replacement for key: width
[02:40:48 UTC] [INFO] No image replacement needed for key: width - using default case
[02:40:48 UTC] [INFO] Processing setting key: width_tablet (array value)
[02:40:48 UTC] [INFO] Processing widget image replacement for key: width_tablet
[02:40:48 UTC] [INFO] No image replacement needed for key: width_tablet - using default case
[02:40:48 UTC] [INFO] Processing setting key: width_mobile (array value)
[02:40:48 UTC] [INFO] Processing widget image replacement for key: width_mobile
[02:40:48 UTC] [INFO] No image replacement needed for key: width_mobile - using default case
[02:40:48 UTC] [INFO] Processing setting key: height (array value)
[02:40:48 UTC] [INFO] Processing widget image replacement for key: height
[02:40:48 UTC] [INFO] No image replacement needed for key: height - using default case
[02:40:48 UTC] [INFO] Processing setting key: height_tablet (array value)
[02:40:48 UTC] [INFO] Processing widget image replacement for key: height_tablet
[02:40:48 UTC] [INFO] No image replacement needed for key: height_tablet - using default case
[02:40:48 UTC] [INFO] Processing setting key: height_mobile (array value)
[02:40:48 UTC] [INFO] Processing widget image replacement for key: height_mobile
[02:40:48 UTC] [INFO] No image replacement needed for key: height_mobile - using default case
[02:40:48 UTC] [INFO] Widget has 0 child elements - processing recursively
[02:40:48 UTC] [INFO] Processing Elementor widgets - Total widgets at this level: 0
[02:40:48 UTC] [INFO] Completed processing 0 widgets at this level
[02:40:48 UTC] [INFO] Processing widget #2 - Type: hfe-infocard
[02:40:48 UTC] [INFO] Widget has settings array with 16 items
[02:40:48 UTC] [INFO] Processing setting key: infocard_button_radius (array value)
[02:40:48 UTC] [INFO] Processing widget image replacement for key: infocard_button_radius
[02:40:48 UTC] [INFO] No image replacement needed for key: infocard_button_radius - using default case
[02:40:48 UTC] [INFO] Processing setting key: infocard_button_custom_padding (array value)
[02:40:48 UTC] [INFO] Processing widget image replacement for key: infocard_button_custom_padding
[02:40:48 UTC] [INFO] No image replacement needed for key: infocard_button_custom_padding - using default case
[02:40:48 UTC] [INFO] Processing setting key: cta_typography_font_size_mobile (array value)
[02:40:48 UTC] [INFO] Processing widget image replacement for key: cta_typography_font_size_mobile
[02:40:48 UTC] [INFO] No image replacement needed for key: cta_typography_font_size_mobile - using default case
[02:40:48 UTC] [INFO] Processing setting key: infocard_title_margin (array value)
[02:40:48 UTC] [INFO] Processing widget image replacement for key: infocard_title_margin
[02:40:48 UTC] [INFO] No image replacement needed for key: infocard_title_margin - using default case
[02:40:48 UTC] [INFO] Processing setting key: infocard_desc_margin (array value)
[02:40:48 UTC] [INFO] Processing widget image replacement for key: infocard_desc_margin
[02:40:48 UTC] [INFO] No image replacement needed for key: infocard_desc_margin - using default case
[02:40:48 UTC] [INFO] Processing setting key: infocard_desc_margin_mobile (array value)
[02:40:48 UTC] [INFO] Processing widget image replacement for key: infocard_desc_margin_mobile
[02:40:48 UTC] [INFO] No image replacement needed for key: infocard_desc_margin_mobile - using default case
[02:40:48 UTC] [INFO] Processing setting key: infocard_cta_margin (array value)
[02:40:48 UTC] [INFO] Processing widget image replacement for key: infocard_cta_margin
[02:40:48 UTC] [INFO] No image replacement needed for key: infocard_cta_margin - using default case
[02:40:48 UTC] [INFO] Processing setting key: __globals__ (array value)
[02:40:48 UTC] [INFO] Processing widget image replacement for key: __globals__
[02:40:48 UTC] [INFO] No image replacement needed for key: __globals__ - using default case
[02:40:48 UTC] [INFO] Widget has 0 child elements - processing recursively
[02:40:48 UTC] [INFO] Processing Elementor widgets - Total widgets at this level: 0
[02:40:48 UTC] [INFO] Completed processing 0 widgets at this level
[02:40:48 UTC] [INFO] Completed processing 2 widgets at this level
[02:40:48 UTC] [INFO] Processing widget #2 - Type: container
[02:40:48 UTC] [INFO] Widget has settings array with 3 items
[02:40:48 UTC] [INFO] Processing setting key: width (array value)
[02:40:48 UTC] [INFO] Processing widget image replacement for key: width
[02:40:48 UTC] [INFO] No image replacement needed for key: width - using default case
[02:40:48 UTC] [INFO] Processing setting key: padding (array value)
[02:40:48 UTC] [INFO] Processing widget image replacement for key: padding
[02:40:48 UTC] [INFO] No image replacement needed for key: padding - using default case
[02:40:48 UTC] [INFO] Widget has 2 child elements - processing recursively
[02:40:48 UTC] [INFO] Processing Elementor widgets - Total widgets at this level: 2
[02:40:48 UTC] [INFO] Processing widget #1 - Type: image
[02:40:48 UTC] [INFO] Widget has settings array with 9 items
[02:40:48 UTC] [INFO] Processing setting key: image (array value)
[02:40:48 UTC] [INFO] Processing widget image replacement for key: image
[02:40:48 UTC] [INFO] Replacing single image for key: image - Original URL: http://e-entrepreneur3.ziptemplates.top/wp-content/uploads/2025/09/article-02.jpg
[02:40:48 UTC] [INFO] Getting new image attachment - Current image index: 1
[02:40:48 UTC] [INFO] Retrieved image data from index 1 - attempting download
[02:40:48 UTC] [INFO] Image downloaded successfully - Attachment ID: 16
[02:40:48 UTC] [INFO] Successfully created new attachment - ID: 16 - URL: http://localhost/wp_site/wp-content/uploads/2026/08/pexels-photo-28994394.jpeg - Image index incremented from 1 to 2
[02:40:48 UTC] [INFO] Single image replaced for key: image - New URL: http://localhost/wp_site/wp-content/uploads/2026/08/pexels-photo-28994394.jpeg - New ID: 16
[02:40:48 UTC] [INFO] Processing setting key: width (array value)
[02:40:48 UTC] [INFO] Processing widget image replacement for key: width
[02:40:48 UTC] [INFO] No image replacement needed for key: width - using default case
[02:40:48 UTC] [INFO] Processing setting key: width_tablet (array value)
[02:40:48 UTC] [INFO] Processing widget image replacement for key: width_tablet
[02:40:48 UTC] [INFO] No image replacement needed for key: width_tablet - using default case
[02:40:48 UTC] [INFO] Processing setting key: width_mobile (array value)
[02:40:48 UTC] [INFO] Processing widget image replacement for key: width_mobile
[02:40:48 UTC] [INFO] No image replacement needed for key: width_mobile - using default case
[02:40:48 UTC] [INFO] Processing setting key: height (array value)
[02:40:48 UTC] [INFO] Processing widget image replacement for key: height
[02:40:48 UTC] [INFO] No image replacement needed for key: height - using default case
[02:40:48 UTC] [INFO] Processing setting key: height_tablet (array value)
[02:40:48 UTC] [INFO] Processing widget image replacement for key: height_tablet
[02:40:48 UTC] [INFO] No image replacement needed for key: height_tablet - using default case
[02:40:48 UTC] [INFO] Processing setting key: height_mobile (array value)
[02:40:48 UTC] [INFO] Processing widget image replacement for key: height_mobile
[02:40:48 UTC] [INFO] No image replacement needed for key: height_mobile - using default case
[02:40:48 UTC] [INFO] Widget has 0 child elements - processing recursively
[02:40:48 UTC] [INFO] Processing Elementor widgets - Total widgets at this level: 0
[02:40:48 UTC] [INFO] Completed processing 0 widgets at this level
[02:40:48 UTC] [INFO] Processing widget #2 - Type: hfe-infocard
[02:40:48 UTC] [INFO] Widget has settings array with 16 items
[02:40:48 UTC] [INFO] Processing setting key: infocard_button_radius (array value)
[02:40:48 UTC] [INFO] Processing widget image replacement for key: infocard_button_radius
[02:40:48 UTC] [INFO] No image replacement needed for key: infocard_button_radius - using default case
[02:40:48 UTC] [INFO] Processing setting key: infocard_button_custom_padding (array value)
[02:40:48 UTC] [INFO] Processing widget image replacement for key: infocard_button_custom_padding
[02:40:48 UTC] [INFO] No image replacement needed for key: infocard_button_custom_padding - using default case
[02:40:48 UTC] [INFO] Processing setting key: cta_typography_font_size_mobile (array value)
[02:40:48 UTC] [INFO] Processing widget image replacement for key: cta_typography_font_size_mobile
[02:40:48 UTC] [INFO] No image replacement needed for key: cta_typography_font_size_mobile - using default case
[02:40:48 UTC] [INFO] Processing setting key: infocard_title_margin (array value)
[02:40:48 UTC] [INFO] Processing widget image replacement for key: infocard_title_margin
[02:40:48 UTC] [INFO] No image replacement needed for key: infocard_title_margin - using default case
[02:40:48 UTC] [INFO] Processing setting key: infocard_desc_margin (array value)
[02:40:48 UTC] [INFO] Processing widget image replacement for key: infocard_desc_margin
[02:40:48 UTC] [INFO] No image replacement needed for key: infocard_desc_margin - using default case
[02:40:48 UTC] [INFO] Processing setting key: infocard_desc_margin_mobile (array value)
[02:40:48 UTC] [INFO] Processing widget image replacement for key: infocard_desc_margin_mobile
[02:40:48 UTC] [INFO] No image replacement needed for key: infocard_desc_margin_mobile - using default case
[02:40:48 UTC] [INFO] Processing setting key: infocard_cta_margin (array value)
[02:40:48 UTC] [INFO] Processing widget image replacement for key: infocard_cta_margin
[02:40:48 UTC] [INFO] No image replacement needed for key: infocard_cta_margin - using default case
[02:40:48 UTC] [INFO] Processing setting key: __globals__ (array value)
[02:40:48 UTC] [INFO] Processing widget image replacement for key: __globals__
[02:40:48 UTC] [INFO] No image replacement needed for key: __globals__ - using default case
[02:40:48 UTC] [INFO] Widget has 0 child elements - processing recursively
[02:40:48 UTC] [INFO] Processing Elementor widgets - Total widgets at this level: 0
[02:40:48 UTC] [INFO] Completed processing 0 widgets at this level
[02:40:48 UTC] [INFO] Completed processing 2 widgets at this level
[02:40:48 UTC] [INFO] Processing widget #3 - Type: container
[02:40:48 UTC] [INFO] Widget has settings array with 3 items
[02:40:48 UTC] [INFO] Processing setting key: width (array value)
[02:40:48 UTC] [INFO] Processing widget image replacement for key: width
[02:40:48 UTC] [INFO] No image replacement needed for key: width - using default case
[02:40:48 UTC] [INFO] Processing setting key: padding (array value)
[02:40:48 UTC] [INFO] Processing widget image replacement for key: padding
[02:40:48 UTC] [INFO] No image replacement needed for key: padding - using default case
[02:40:48 UTC] [INFO] Widget has 2 child elements - processing recursively
[02:40:48 UTC] [INFO] Processing Elementor widgets - Total widgets at this level: 2
[02:40:48 UTC] [INFO] Processing widget #1 - Type: image
[02:40:48 UTC] [INFO] Widget has settings array with 9 items
[02:40:48 UTC] [INFO] Processing setting key: image (array value)
[02:40:48 UTC] [INFO] Processing widget image replacement for key: image
[02:40:48 UTC] [INFO] Replacing single image for key: image - Original URL: http://e-entrepreneur3.ziptemplates.top/wp-content/uploads/2025/09/article-01.jpg
[02:40:48 UTC] [INFO] Getting new image attachment - Current image index: 2
[02:40:48 UTC] [INFO] Retrieved image data from index 2 - attempting download
[02:40:48 UTC] [INFO] Image downloaded successfully - Attachment ID: 17
[02:40:48 UTC] [INFO] Successfully created new attachment - ID: 17 - URL: http://localhost/wp_site/wp-content/uploads/2026/08/pexels-photo-31401740.jpeg - Image index incremented from 2 to 3
[02:40:48 UTC] [INFO] Single image replaced for key: image - New URL: http://localhost/wp_site/wp-content/uploads/2026/08/pexels-photo-31401740.jpeg - New ID: 17
[02:40:48 UTC] [INFO] Processing setting key: width (array value)
[02:40:48 UTC] [INFO] Processing widget image replacement for key: width
[02:40:48 UTC] [INFO] No image replacement needed for key: width - using default case
[02:40:48 UTC] [INFO] Processing setting key: width_tablet (array value)
[02:40:48 UTC] [INFO] Processing widget image replacement for key: width_tablet
[02:40:48 UTC] [INFO] No image replacement needed for key: width_tablet - using default case
[02:40:48 UTC] [INFO] Processing setting key: width_mobile (array value)
[02:40:48 UTC] [INFO] Processing widget image replacement for key: width_mobile
[02:40:48 UTC] [INFO] No image replacement needed for key: width_mobile - using default case
[02:40:48 UTC] [INFO] Processing setting key: height (array value)
[02:40:48 UTC] [INFO] Processing widget image replacement for key: height
[02:40:48 UTC] [INFO] No image replacement needed for key: height - using default case
[02:40:48 UTC] [INFO] Processing setting key: height_tablet (array value)
[02:40:48 UTC] [INFO] Processing widget image replacement for key: height_tablet
[02:40:48 UTC] [INFO] No image replacement needed for key: height_tablet - using default case
[02:40:48 UTC] [INFO] Processing setting key: height_mobile (array value)
[02:40:48 UTC] [INFO] Processing widget image replacement for key: height_mobile
[02:40:48 UTC] [INFO] No image replacement needed for key: height_mobile - using default case
[02:40:48 UTC] [INFO] Widget has 0 child elements - processing recursively
[02:40:48 UTC] [INFO] Processing Elementor widgets - Total widgets at this level: 0
[02:40:48 UTC] [INFO] Completed processing 0 widgets at this level
[02:40:48 UTC] [INFO] Processing widget #2 - Type: hfe-infocard
[02:40:48 UTC] [INFO] Widget has settings array with 16 items
[02:40:48 UTC] [INFO] Processing setting key: infocard_button_radius (array value)
[02:40:48 UTC] [INFO] Processing widget image replacement for key: infocard_button_radius
[02:40:48 UTC] [INFO] No image replacement needed for key: infocard_button_radius - using default case
[02:40:48 UTC] [INFO] Processing setting key: infocard_button_custom_padding (array value)
[02:40:48 UTC] [INFO] Processing widget image replacement for key: infocard_button_custom_padding
[02:40:48 UTC] [INFO] No image replacement needed for key: infocard_button_custom_padding - using default case
[02:40:48 UTC] [INFO] Processing setting key: cta_typography_font_size_mobile (array value)
[02:40:48 UTC] [INFO] Processing widget image replacement for key: cta_typography_font_size_mobile
[02:40:48 UTC] [INFO] No image replacement needed for key: cta_typography_font_size_mobile - using default case
[02:40:48 UTC] [INFO] Processing setting key: infocard_title_margin (array value)
[02:40:48 UTC] [INFO] Processing widget image replacement for key: infocard_title_margin
[02:40:48 UTC] [INFO] No image replacement needed for key: infocard_title_margin - using default case
[02:40:48 UTC] [INFO] Processing setting key: infocard_desc_margin (array value)
[02:40:48 UTC] [INFO] Processing widget image replacement for key: infocard_desc_margin
[02:40:48 UTC] [INFO] No image replacement needed for key: infocard_desc_margin - using default case
[02:40:48 UTC] [INFO] Processing setting key: infocard_desc_margin_mobile (array value)
[02:40:48 UTC] [INFO] Processing widget image replacement for key: infocard_desc_margin_mobile
[02:40:48 UTC] [INFO] No image replacement needed for key: infocard_desc_margin_mobile - using default case
[02:40:48 UTC] [INFO] Processing setting key: infocard_cta_margin (array value)
[02:40:48 UTC] [INFO] Processing widget image replacement for key: infocard_cta_margin
[02:40:48 UTC] [INFO] No image replacement needed for key: infocard_cta_margin - using default case
[02:40:48 UTC] [INFO] Processing setting key: __globals__ (array value)
[02:40:48 UTC] [INFO] Processing widget image replacement for key: __globals__
[02:40:48 UTC] [INFO] No image replacement needed for key: __globals__ - using default case
[02:40:48 UTC] [INFO] Widget has 0 child elements - processing recursively
[02:40:48 UTC] [INFO] Processing Elementor widgets - Total widgets at this level: 0
[02:40:48 UTC] [INFO] Completed processing 0 widgets at this level
[02:40:48 UTC] [INFO] Completed processing 2 widgets at this level
[02:40:48 UTC] [INFO] Completed processing 3 widgets at this level
[02:40:48 UTC] [INFO] Completed processing 2 widgets at this level
[02:40:48 UTC] [INFO] Processing widget #7 - Type: container
[02:40:48 UTC] [INFO] Widget has settings array with 15 items
[02:40:48 UTC] [INFO] Processing setting key: background_image (array value)
[02:40:48 UTC] [INFO] Processing widget image replacement for key: background_image
[02:40:48 UTC] [INFO] Replacing single image for key: background_image - Original URL: http://e-entrepreneur3.ziptemplates.top/wp-content/uploads/2025/09/cta-14.jpg
[02:40:48 UTC] [INFO] Getting new image attachment - Current image index: 3
[02:40:48 UTC] [INFO] Retrieved image data from index 3 - attempting download
[02:40:48 UTC] [INFO] Image downloaded successfully - Attachment ID: 18
[02:40:48 UTC] [INFO] Successfully created new attachment - ID: 18 - URL: http://localhost/wp_site/wp-content/uploads/2026/08/pexels-photo-18186236.jpeg - Image index incremented from 3 to 0
[02:40:48 UTC] [INFO] Single image replaced for key: background_image - New URL: http://localhost/wp_site/wp-content/uploads/2026/08/pexels-photo-18186236.jpeg - New ID: 18
[02:40:48 UTC] [INFO] Processing setting key: background_overlay_opacity (array value)
[02:40:48 UTC] [INFO] Processing widget image replacement for key: background_overlay_opacity
[02:40:48 UTC] [INFO] No image replacement needed for key: background_overlay_opacity - using default case
[02:40:48 UTC] [INFO] Processing setting key: padding (array value)
[02:40:48 UTC] [INFO] Processing widget image replacement for key: padding
[02:40:48 UTC] [INFO] No image replacement needed for key: padding - using default case
[02:40:48 UTC] [INFO] Processing setting key: padding_tablet (array value)
[02:40:48 UTC] [INFO] Processing widget image replacement for key: padding_tablet
[02:40:48 UTC] [INFO] No image replacement needed for key: padding_tablet - using default case
[02:40:48 UTC] [INFO] Processing setting key: padding_mobile (array value)
[02:40:48 UTC] [INFO] Processing widget image replacement for key: padding_mobile
[02:40:48 UTC] [INFO] No image replacement needed for key: padding_mobile - using default case
[02:40:48 UTC] [INFO] Processing setting key: __globals__ (array value)
[02:40:48 UTC] [INFO] Processing widget image replacement for key: __globals__
[02:40:48 UTC] [INFO] No image replacement needed for key: __globals__ - using default case
[02:40:48 UTC] [INFO] Processing setting key: boxed_width (array value)
[02:40:48 UTC] [INFO] Processing widget image replacement for key: boxed_width
[02:40:48 UTC] [INFO] No image replacement needed for key: boxed_width - using default case
[02:40:48 UTC] [INFO] Processing setting key: boxed_width_tablet (array value)
[02:40:48 UTC] [INFO] Processing widget image replacement for key: boxed_width_tablet
[02:40:48 UTC] [INFO] No image replacement needed for key: boxed_width_tablet - using default case
[02:40:48 UTC] [INFO] Widget has 2 child elements - processing recursively
[02:40:48 UTC] [INFO] Processing Elementor widgets - Total widgets at this level: 2
[02:40:48 UTC] [INFO] Processing widget #1 - Type: text-editor
[02:40:48 UTC] [INFO] Widget has settings array with 13 items
[02:40:48 UTC] [INFO] Processing setting key: typography_font_size (array value)
[02:40:48 UTC] [INFO] Processing widget image replacement for key: typography_font_size
[02:40:48 UTC] [INFO] No image replacement needed for key: typography_font_size - using default case
[02:40:48 UTC] [INFO] Processing setting key: typography_font_size_mobile (array value)
[02:40:48 UTC] [INFO] Processing widget image replacement for key: typography_font_size_mobile
[02:40:48 UTC] [INFO] No image replacement needed for key: typography_font_size_mobile - using default case
[02:40:48 UTC] [INFO] Processing setting key: typography_line_height (array value)
[02:40:48 UTC] [INFO] Processing widget image replacement for key: typography_line_height
[02:40:48 UTC] [INFO] No image replacement needed for key: typography_line_height - using default case
[02:40:48 UTC] [INFO] Processing setting key: typography_letter_spacing (array value)
[02:40:48 UTC] [INFO] Processing widget image replacement for key: typography_letter_spacing
[02:40:48 UTC] [INFO] No image replacement needed for key: typography_letter_spacing - using default case
[02:40:48 UTC] [INFO] Processing setting key: paragraph_spacing (array value)
[02:40:48 UTC] [INFO] Processing widget image replacement for key: paragraph_spacing
[02:40:48 UTC] [INFO] No image replacement needed for key: paragraph_spacing - using default case
[02:40:48 UTC] [INFO] Processing setting key: __globals__ (array value)
[02:40:48 UTC] [INFO] Processing widget image replacement for key: __globals__
[02:40:48 UTC] [INFO] No image replacement needed for key: __globals__ - using default case
[02:40:48 UTC] [INFO] Widget has 0 child elements - processing recursively
[02:40:48 UTC] [INFO] Processing Elementor widgets - Total widgets at this level: 0
[02:40:48 UTC] [INFO] Completed processing 0 widgets at this level
[02:40:48 UTC] [INFO] Processing widget #2 - Type: hfe-infocard
[02:40:48 UTC] [INFO] Widget has settings array with 17 items
[02:40:48 UTC] [INFO] Processing setting key: infocard_text_link (array value)
[02:40:48 UTC] [INFO] Processing widget image replacement for key: infocard_text_link
[02:40:48 UTC] [INFO] No image replacement needed for key: infocard_text_link - using default case
[02:40:48 UTC] [INFO] Processing setting key: infocard_button_border_size (array value)
[02:40:48 UTC] [INFO] Processing widget image replacement for key: infocard_button_border_size
[02:40:48 UTC] [INFO] No image replacement needed for key: infocard_button_border_size - using default case
[02:40:48 UTC] [INFO] Processing setting key: cta_typography_font_size_mobile (array value)
[02:40:48 UTC] [INFO] Processing widget image replacement for key: cta_typography_font_size_mobile
[02:40:48 UTC] [INFO] No image replacement needed for key: cta_typography_font_size_mobile - using default case
[02:40:48 UTC] [INFO] Processing setting key: infocard_title_margin (array value)
[02:40:48 UTC] [INFO] Processing widget image replacement for key: infocard_title_margin
[02:40:48 UTC] [INFO] No image replacement needed for key: infocard_title_margin - using default case
[02:40:48 UTC] [INFO] Processing setting key: infocard_title_margin_tablet (array value)
[02:40:48 UTC] [INFO] Processing widget image replacement for key: infocard_title_margin_tablet
[02:40:48 UTC] [INFO] No image replacement needed for key: infocard_title_margin_tablet - using default case
[02:40:48 UTC] [INFO] Processing setting key: infocard_title_margin_mobile (array value)
[02:40:48 UTC] [INFO] Processing widget image replacement for key: infocard_title_margin_mobile
[02:40:48 UTC] [INFO] No image replacement needed for key: infocard_title_margin_mobile - using default case
[02:40:48 UTC] [INFO] Processing setting key: infocard_desc_margin (array value)
[02:40:48 UTC] [INFO] Processing widget image replacement for key: infocard_desc_margin
[02:40:48 UTC] [INFO] No image replacement needed for key: infocard_desc_margin - using default case
[02:40:48 UTC] [INFO] Processing setting key: infocard_desc_margin_tablet (array value)
[02:40:48 UTC] [INFO] Processing widget image replacement for key: infocard_desc_margin_tablet
[02:40:48 UTC] [INFO] No image replacement needed for key: infocard_desc_margin_tablet - using default case
[02:40:48 UTC] [INFO] Processing setting key: infocard_cta_margin (array value)
[02:40:48 UTC] [INFO] Processing widget image replacement for key: infocard_cta_margin
[02:40:48 UTC] [INFO] No image replacement needed for key: infocard_cta_margin - using default case
[02:40:48 UTC] [INFO] Widget has 0 child elements - processing recursively
[02:40:48 UTC] [INFO] Processing Elementor widgets - Total widgets at this level: 0
[02:40:48 UTC] [INFO] Completed processing 0 widgets at this level
[02:40:48 UTC] [INFO] Completed processing 2 widgets at this level
[02:40:48 UTC] [INFO] Completed processing 7 widgets at this level
[02:40:48 UTC] [INFO] Successfully updated Elementor data for post ID: 23
[02:40:48 UTC] [INFO] Cleared Elementor cache for post ID: 23
[02:40:48 UTC] [INFO] Updated page content | Context: {"post_id":23}
[02:40:48 UTC] [INFO] Starting Elementor image replacement for post ID: 26
[02:40:48 UTC] [INFO] Successfully decoded Elementor data for post ID: 26 - processing widgets
[02:40:48 UTC] [INFO] Processing Elementor widgets - Total widgets at this level: 3
[02:40:48 UTC] [INFO] Processing widget #1 - Type: container
[02:40:48 UTC] [INFO] Widget has settings array with 5 items
[02:40:48 UTC] [INFO] Processing setting key: padding (array value)
[02:40:48 UTC] [INFO] Processing widget image replacement for key: padding
[02:40:48 UTC] [INFO] No image replacement needed for key: padding - using default case
[02:40:48 UTC] [INFO] Processing setting key: padding_tablet (array value)
[02:40:48 UTC] [INFO] Processing widget image replacement for key: padding_tablet
[02:40:48 UTC] [INFO] No image replacement needed for key: padding_tablet - using default case
[02:40:48 UTC] [INFO] Processing setting key: padding_mobile (array value)
[02:40:48 UTC] [INFO] Processing widget image replacement for key: padding_mobile
[02:40:48 UTC] [INFO] No image replacement needed for key: padding_mobile - using default case
[02:40:48 UTC] [INFO] Processing setting key: boxed_width (array value)
[02:40:48 UTC] [INFO] Processing widget image replacement for key: boxed_width
[02:40:48 UTC] [INFO] No image replacement needed for key: boxed_width - using default case
[02:40:48 UTC] [INFO] Widget has 2 child elements - processing recursively
[02:40:48 UTC] [INFO] Processing Elementor widgets - Total widgets at this level: 2
[02:40:48 UTC] [INFO] Processing widget #1 - Type: text-editor
[02:40:48 UTC] [INFO] Widget has settings array with 11 items
[02:40:48 UTC] [INFO] Processing setting key: typography_font_size (array value)
[02:40:48 UTC] [INFO] Processing widget image replacement for key: typography_font_size
[02:40:48 UTC] [INFO] No image replacement needed for key: typography_font_size - using default case
[02:40:48 UTC] [INFO] Processing setting key: typography_font_size_mobile (array value)
[02:40:48 UTC] [INFO] Processing widget image replacement for key: typography_font_size_mobile
[02:40:48 UTC] [INFO] No image replacement needed for key: typography_font_size_mobile - using default case
[02:40:48 UTC] [INFO] Processing setting key: typography_line_height (array value)
[02:40:48 UTC] [INFO] Processing widget image replacement for key: typography_line_height
[02:40:48 UTC] [INFO] No image replacement needed for key: typography_line_height - using default case
[02:40:48 UTC] [INFO] Processing setting key: typography_letter_spacing (array value)
[02:40:48 UTC] [INFO] Processing widget image replacement for key: typography_letter_spacing
[02:40:48 UTC] [INFO] No image replacement needed for key: typography_letter_spacing - using default case
[02:40:48 UTC] [INFO] Processing setting key: paragraph_spacing (array value)
[02:40:48 UTC] [INFO] Processing widget image replacement for key: paragraph_spacing
[02:40:48 UTC] [INFO] No image replacement needed for key: paragraph_spacing - using default case
[02:40:48 UTC] [INFO] Processing setting key: __globals__ (array value)
[02:40:48 UTC] [INFO] Processing widget image replacement for key: __globals__
[02:40:48 UTC] [INFO] No image replacement needed for key: __globals__ - using default case
[02:40:48 UTC] [INFO] Widget has 0 child elements - processing recursively
[02:40:48 UTC] [INFO] Processing Elementor widgets - Total widgets at this level: 0
[02:40:48 UTC] [INFO] Completed processing 0 widgets at this level
[02:40:48 UTC] [INFO] Processing widget #2 - Type: heading
[02:40:48 UTC] [INFO] Widget has settings array with 9 items
[02:40:48 UTC] [INFO] Processing setting key: _margin (array value)
[02:40:48 UTC] [INFO] Processing widget image replacement for key: _margin
[02:40:48 UTC] [INFO] No image replacement needed for key: _margin - using default case
[02:40:48 UTC] [INFO] Processing setting key: _margin_tablet (array value)
[02:40:48 UTC] [INFO] Processing widget image replacement for key: _margin_tablet
[02:40:48 UTC] [INFO] No image replacement needed for key: _margin_tablet - using default case
[02:40:48 UTC] [INFO] Processing setting key: _margin_mobile (array value)
[02:40:48 UTC] [INFO] Processing widget image replacement for key: _margin_mobile
[02:40:48 UTC] [INFO] No image replacement needed for key: _margin_mobile - using default case
[02:40:48 UTC] [INFO] Processing setting key: _padding (array value)
[02:40:48 UTC] [INFO] Processing widget image replacement for key: _padding
[02:40:48 UTC] [INFO] No image replacement needed for key: _padding - using default case
[02:40:48 UTC] [INFO] Processing setting key: _padding_tablet (array value)
[02:40:48 UTC] [INFO] Processing widget image replacement for key: _padding_tablet
[02:40:48 UTC] [INFO] No image replacement needed for key: _padding_tablet - using default case
[02:40:48 UTC] [INFO] Processing setting key: _padding_mobile (array value)
[02:40:48 UTC] [INFO] Processing widget image replacement for key: _padding_mobile
[02:40:48 UTC] [INFO] No image replacement needed for key: _padding_mobile - using default case
[02:40:48 UTC] [INFO] Widget has 0 child elements - processing recursively
[02:40:48 UTC] [INFO] Processing Elementor widgets - Total widgets at this level: 0
[02:40:48 UTC] [INFO] Completed processing 0 widgets at this level
[02:40:48 UTC] [INFO] Completed processing 2 widgets at this level
[02:40:48 UTC] [INFO] Processing widget #2 - Type: container
[02:40:48 UTC] [INFO] Widget has settings array with 7 items
[02:40:48 UTC] [INFO] Processing setting key: flex_gap (array value)
[02:40:48 UTC] [INFO] Processing widget image replacement for key: flex_gap
[02:40:48 UTC] [INFO] No image replacement needed for key: flex_gap - using default case
[02:40:48 UTC] [INFO] Processing setting key: padding (array value)
[02:40:48 UTC] [INFO] Processing widget image replacement for key: padding
[02:40:48 UTC] [INFO] No image replacement needed for key: padding - using default case
[02:40:48 UTC] [INFO] Processing setting key: flex_gap_tablet (array value)
[02:40:48 UTC] [INFO] Processing widget image replacement for key: flex_gap_tablet
[02:40:48 UTC] [INFO] No image replacement needed for key: flex_gap_tablet - using default case
[02:40:48 UTC] [INFO] Processing setting key: flex_gap_mobile (array value)
[02:40:48 UTC] [INFO] Processing widget image replacement for key: flex_gap_mobile
[02:40:48 UTC] [INFO] No image replacement needed for key: flex_gap_mobile - using default case
[02:40:48 UTC] [INFO] Processing setting key: padding_tablet (array value)
[02:40:48 UTC] [INFO] Processing widget image replacement for key: padding_tablet
[02:40:48 UTC] [INFO] No image replacement needed for key: padding_tablet - using default case
[02:40:48 UTC] [INFO] Processing setting key: padding_mobile (array value)
[02:40:48 UTC] [INFO] Processing widget image replacement for key: padding_mobile
[02:40:48 UTC] [INFO] No image replacement needed for key: padding_mobile - using default case
[02:40:48 UTC] [INFO] Widget has 2 child elements - processing recursively
[02:40:48 UTC] [INFO] Processing Elementor widgets - Total widgets at this level: 2
[02:40:48 UTC] [INFO] Processing widget #1 - Type: container
[02:40:48 UTC] [INFO] Widget has settings array with 9 items
[02:40:48 UTC] [INFO] Processing setting key: width (array value)
[02:40:48 UTC] [INFO] Processing widget image replacement for key: width
[02:40:48 UTC] [INFO] No image replacement needed for key: width - using default case
[02:40:48 UTC] [INFO] Processing setting key: flex_gap (array value)
[02:40:48 UTC] [INFO] Processing widget image replacement for key: flex_gap
[02:40:48 UTC] [INFO] No image replacement needed for key: flex_gap - using default case
[02:40:48 UTC] [INFO] Processing setting key: padding (array value)
[02:40:48 UTC] [INFO] Processing widget image replacement for key: padding
[02:40:48 UTC] [INFO] No image replacement needed for key: padding - using default case
[02:40:48 UTC] [INFO] Processing setting key: width_tablet (array value)
[02:40:48 UTC] [INFO] Processing widget image replacement for key: width_tablet
[02:40:48 UTC] [INFO] No image replacement needed for key: width_tablet - using default case
[02:40:48 UTC] [INFO] Processing setting key: width_mobile (array value)
[02:40:48 UTC] [INFO] Processing widget image replacement for key: width_mobile
[02:40:48 UTC] [INFO] No image replacement needed for key: width_mobile - using default case
[02:40:48 UTC] [INFO] Processing setting key: flex_gap_tablet (array value)
[02:40:48 UTC] [INFO] Processing widget image replacement for key: flex_gap_tablet
[02:40:48 UTC] [INFO] No image replacement needed for key: flex_gap_tablet - using default case
[02:40:48 UTC] [INFO] Processing setting key: flex_gap_mobile (array value)
[02:40:48 UTC] [INFO] Processing widget image replacement for key: flex_gap_mobile
[02:40:48 UTC] [INFO] No image replacement needed for key: flex_gap_mobile - using default case
[02:40:48 UTC] [INFO] Widget has 2 child elements - processing recursively
[02:40:48 UTC] [INFO] Processing Elementor widgets - Total widgets at this level: 2
[02:40:48 UTC] [INFO] Processing widget #1 - Type: hfe-infocard
[02:40:48 UTC] [INFO] Widget has settings array with 10 items
[02:40:48 UTC] [INFO] Processing setting key: infocard_title_margin (array value)
[02:40:48 UTC] [INFO] Processing widget image replacement for key: infocard_title_margin
[02:40:48 UTC] [INFO] No image replacement needed for key: infocard_title_margin - using default case
[02:40:48 UTC] [INFO] Processing setting key: infocard_title_margin_tablet (array value)
[02:40:48 UTC] [INFO] Processing widget image replacement for key: infocard_title_margin_tablet
[02:40:48 UTC] [INFO] No image replacement needed for key: infocard_title_margin_tablet - using default case
[02:40:48 UTC] [INFO] Processing setting key: infocard_title_margin_mobile (array value)
[02:40:48 UTC] [INFO] Processing widget image replacement for key: infocard_title_margin_mobile
[02:40:48 UTC] [INFO] No image replacement needed for key: infocard_title_margin_mobile - using default case
[02:40:48 UTC] [INFO] Widget has 0 child elements - processing recursively
[02:40:48 UTC] [INFO] Processing Elementor widgets - Total widgets at this level: 0
[02:40:48 UTC] [INFO] Completed processing 0 widgets at this level
[02:40:48 UTC] [INFO] Processing widget #2 - Type: icon-list
[02:40:48 UTC] [INFO] Widget has settings array with 11 items
[02:40:48 UTC] [INFO] Processing setting key: icon_list (array value)
[02:40:48 UTC] [INFO] Processing widget image replacement for key: icon_list
[02:40:48 UTC] [INFO] No image replacement needed for key: icon_list - using default case
[02:40:48 UTC] [INFO] Processing setting key: space_between (array value)
[02:40:48 UTC] [INFO] Processing widget image replacement for key: space_between
[02:40:48 UTC] [INFO] No image replacement needed for key: space_between - using default case
[02:40:48 UTC] [INFO] Processing setting key: icon_size (array value)
[02:40:48 UTC] [INFO] Processing widget image replacement for key: icon_size
[02:40:48 UTC] [INFO] No image replacement needed for key: icon_size - using default case
[02:40:48 UTC] [INFO] Processing setting key: text_indent (array value)
[02:40:48 UTC] [INFO] Processing widget image replacement for key: text_indent
[02:40:48 UTC] [INFO] No image replacement needed for key: text_indent - using default case
[02:40:48 UTC] [INFO] Processing setting key: __globals__ (array value)
[02:40:48 UTC] [INFO] Processing widget image replacement for key: __globals__
[02:40:48 UTC] [INFO] No image replacement needed for key: __globals__ - using default case
[02:40:48 UTC] [INFO] Processing setting key: icon_size_mobile (array value)
[02:40:48 UTC] [INFO] Processing widget image replacement for key: icon_size_mobile
[02:40:48 UTC] [INFO] No image replacement needed for key: icon_size_mobile - using default case
[02:40:48 UTC] [INFO] Processing setting key: icon_typography_font_size_tablet (array value)
[02:40:48 UTC] [INFO] Processing widget image replacement for key: icon_typography_font_size_tablet
[02:40:48 UTC] [INFO] No image replacement needed for key: icon_typography_font_size_tablet - using default case
[02:40:48 UTC] [INFO] Processing setting key: icon_typography_font_size_mobile (array value)
[02:40:48 UTC] [INFO] Processing widget image replacement for key: icon_typography_font_size_mobile
[02:40:48 UTC] [INFO] No image replacement needed for key: icon_typography_font_size_mobile - using default case
[02:40:48 UTC] [INFO] Processing setting key: icon_typography_line_height_tablet (array value)
[02:40:48 UTC] [INFO] Processing widget image replacement for key: icon_typography_line_height_tablet
[02:40:48 UTC] [INFO] No image replacement needed for key: icon_typography_line_height_tablet - using default case
[02:40:48 UTC] [INFO] Processing setting key: icon_typography_line_height_mobile (array value)
[02:40:48 UTC] [INFO] Processing widget image replacement for key: icon_typography_line_height_mobile
[02:40:48 UTC] [INFO] No image replacement needed for key: icon_typography_line_height_mobile - using default case
[02:40:48 UTC] [INFO] Widget has 0 child elements - processing recursively
[02:40:48 UTC] [INFO] Processing Elementor widgets - Total widgets at this level: 0
[02:40:48 UTC] [INFO] Completed processing 0 widgets at this level
[02:40:48 UTC] [INFO] Completed processing 2 widgets at this level
[02:40:48 UTC] [INFO] Processing widget #2 - Type: container
[02:40:48 UTC] [INFO] Widget has settings array with 6 items
[02:40:48 UTC] [INFO] Processing setting key: width (array value)
[02:40:48 UTC] [INFO] Processing widget image replacement for key: width
[02:40:48 UTC] [INFO] No image replacement needed for key: width - using default case
[02:40:48 UTC] [INFO] Processing setting key: padding (array value)
[02:40:48 UTC] [INFO] Processing widget image replacement for key: padding
[02:40:48 UTC] [INFO] No image replacement needed for key: padding - using default case
[02:40:48 UTC] [INFO] Processing setting key: width_tablet (array value)
[02:40:48 UTC] [INFO] Processing widget image replacement for key: width_tablet
[02:40:48 UTC] [INFO] No image replacement needed for key: width_tablet - using default case
[02:40:48 UTC] [INFO] Processing setting key: width_mobile (array value)
[02:40:48 UTC] [INFO] Processing widget image replacement for key: width_mobile
[02:40:48 UTC] [INFO] No image replacement needed for key: width_mobile - using default case
[02:40:48 UTC] [INFO] Widget has 1 child elements - processing recursively
[02:40:48 UTC] [INFO] Processing Elementor widgets - Total widgets at this level: 1
[02:40:48 UTC] [INFO] Processing widget #1 - Type: sureforms_form
[02:40:48 UTC] [INFO] Widget has settings array with 1 items
[02:40:48 UTC] [INFO] Widget has 0 child elements - processing recursively
[02:40:48 UTC] [INFO] Processing Elementor widgets - Total widgets at this level: 0
[02:40:48 UTC] [INFO] Completed processing 0 widgets at this level
[02:40:48 UTC] [INFO] Completed processing 1 widgets at this level
[02:40:48 UTC] [INFO] Completed processing 2 widgets at this level
[02:40:48 UTC] [INFO] Processing widget #3 - Type: container
[02:40:48 UTC] [INFO] Widget has settings array with 15 items
[02:40:48 UTC] [INFO] Processing setting key: background_image (array value)
[02:40:48 UTC] [INFO] Processing widget image replacement for key: background_image
[02:40:48 UTC] [INFO] Replacing single image for key: background_image - Original URL: http://e-entrepreneur3.ziptemplates.top/wp-content/uploads/2025/09/cta-14.jpg
[02:40:48 UTC] [INFO] Getting new image attachment - Current image index: 0
[02:40:48 UTC] [INFO] Retrieved image data from index 0 - attempting download
[02:40:48 UTC] [INFO] Image downloaded successfully - Attachment ID: 15
[02:40:48 UTC] [INFO] Successfully created new attachment - ID: 15 - URL: http://localhost/wp_site/wp-content/uploads/2026/08/pexels-photo-19572634.jpeg - Image index incremented from 0 to 1
[02:40:48 UTC] [INFO] Single image replaced for key: background_image - New URL: http://localhost/wp_site/wp-content/uploads/2026/08/pexels-photo-19572634.jpeg - New ID: 15
[02:40:48 UTC] [INFO] Processing setting key: background_overlay_opacity (array value)
[02:40:48 UTC] [INFO] Processing widget image replacement for key: background_overlay_opacity
[02:40:48 UTC] [INFO] No image replacement needed for key: background_overlay_opacity - using default case
[02:40:48 UTC] [INFO] Processing setting key: padding (array value)
[02:40:48 UTC] [INFO] Processing widget image replacement for key: padding
[02:40:48 UTC] [INFO] No image replacement needed for key: padding - using default case
[02:40:48 UTC] [INFO] Processing setting key: padding_tablet (array value)
[02:40:48 UTC] [INFO] Processing widget image replacement for key: padding_tablet
[02:40:48 UTC] [INFO] No image replacement needed for key: padding_tablet - using default case
[02:40:48 UTC] [INFO] Processing setting key: padding_mobile (array value)
[02:40:48 UTC] [INFO] Processing widget image replacement for key: padding_mobile
[02:40:48 UTC] [INFO] No image replacement needed for key: padding_mobile - using default case
[02:40:48 UTC] [INFO] Processing setting key: __globals__ (array value)
[02:40:48 UTC] [INFO] Processing widget image replacement for key: __globals__
[02:40:48 UTC] [INFO] No image replacement needed for key: __globals__ - using default case
[02:40:48 UTC] [INFO] Processing setting key: boxed_width (array value)
[02:40:48 UTC] [INFO] Processing widget image replacement for key: boxed_width
[02:40:48 UTC] [INFO] No image replacement needed for key: boxed_width - using default case
[02:40:48 UTC] [INFO] Processing setting key: boxed_width_tablet (array value)
[02:40:48 UTC] [INFO] Processing widget image replacement for key: boxed_width_tablet
[02:40:48 UTC] [INFO] No image replacement needed for key: boxed_width_tablet - using default case
[02:40:48 UTC] [INFO] Widget has 2 child elements - processing recursively
[02:40:48 UTC] [INFO] Processing Elementor widgets - Total widgets at this level: 2
[02:40:48 UTC] [INFO] Processing widget #1 - Type: text-editor
[02:40:48 UTC] [INFO] Widget has settings array with 13 items
[02:40:48 UTC] [INFO] Processing setting key: typography_font_size (array value)
[02:40:48 UTC] [INFO] Processing widget image replacement for key: typography_font_size
[02:40:48 UTC] [INFO] No image replacement needed for key: typography_font_size - using default case
[02:40:48 UTC] [INFO] Processing setting key: typography_font_size_mobile (array value)
[02:40:48 UTC] [INFO] Processing widget image replacement for key: typography_font_size_mobile
[02:40:48 UTC] [INFO] No image replacement needed for key: typography_font_size_mobile - using default case
[02:40:48 UTC] [INFO] Processing setting key: typography_line_height (array value)
[02:40:48 UTC] [INFO] Processing widget image replacement for key: typography_line_height
[02:40:48 UTC] [INFO] No image replacement needed for key: typography_line_height - using default case
[02:40:48 UTC] [INFO] Processing setting key: typography_letter_spacing (array value)
[02:40:48 UTC] [INFO] Processing widget image replacement for key: typography_letter_spacing
[02:40:48 UTC] [INFO] No image replacement needed for key: typography_letter_spacing - using default case
[02:40:48 UTC] [INFO] Processing setting key: paragraph_spacing (array value)
[02:40:48 UTC] [INFO] Processing widget image replacement for key: paragraph_spacing
[02:40:48 UTC] [INFO] No image replacement needed for key: paragraph_spacing - using default case
[02:40:48 UTC] [INFO] Processing setting key: __globals__ (array value)
[02:40:48 UTC] [INFO] Processing widget image replacement for key: __globals__
[02:40:48 UTC] [INFO] No image replacement needed for key: __globals__ - using default case
[02:40:48 UTC] [INFO] Widget has 0 child elements - processing recursively
[02:40:48 UTC] [INFO] Processing Elementor widgets - Total widgets at this level: 0
[02:40:48 UTC] [INFO] Completed processing 0 widgets at this level
[02:40:48 UTC] [INFO] Processing widget #2 - Type: hfe-infocard
[02:40:48 UTC] [INFO] Widget has settings array with 17 items
[02:40:48 UTC] [INFO] Processing setting key: infocard_text_link (array value)
[02:40:48 UTC] [INFO] Processing widget image replacement for key: infocard_text_link
[02:40:48 UTC] [INFO] No image replacement needed for key: infocard_text_link - using default case
[02:40:48 UTC] [INFO] Processing setting key: infocard_button_border_size (array value)
[02:40:48 UTC] [INFO] Processing widget image replacement for key: infocard_button_border_size
[02:40:48 UTC] [INFO] No image replacement needed for key: infocard_button_border_size - using default case
[02:40:48 UTC] [INFO] Processing setting key: cta_typography_font_size_mobile (array value)
[02:40:48 UTC] [INFO] Processing widget image replacement for key: cta_typography_font_size_mobile
[02:40:48 UTC] [INFO] No image replacement needed for key: cta_typography_font_size_mobile - using default case
[02:40:48 UTC] [INFO] Processing setting key: infocard_title_margin (array value)
[02:40:48 UTC] [INFO] Processing widget image replacement for key: infocard_title_margin
[02:40:48 UTC] [INFO] No image replacement needed for key: infocard_title_margin - using default case
[02:40:48 UTC] [INFO] Processing setting key: infocard_title_margin_tablet (array value)
[02:40:48 UTC] [INFO] Processing widget image replacement for key: infocard_title_margin_tablet
[02:40:48 UTC] [INFO] No image replacement needed for key: infocard_title_margin_tablet - using default case
[02:40:48 UTC] [INFO] Processing setting key: infocard_title_margin_mobile (array value)
[02:40:48 UTC] [INFO] Processing widget image replacement for key: infocard_title_margin_mobile
[02:40:48 UTC] [INFO] No image replacement needed for key: infocard_title_margin_mobile - using default case
[02:40:48 UTC] [INFO] Processing setting key: infocard_desc_margin (array value)
[02:40:48 UTC] [INFO] Processing widget image replacement for key: infocard_desc_margin
[02:40:48 UTC] [INFO] No image replacement needed for key: infocard_desc_margin - using default case
[02:40:48 UTC] [INFO] Processing setting key: infocard_desc_margin_tablet (array value)
[02:40:48 UTC] [INFO] Processing widget image replacement for key: infocard_desc_margin_tablet
[02:40:48 UTC] [INFO] No image replacement needed for key: infocard_desc_margin_tablet - using default case
[02:40:48 UTC] [INFO] Processing setting key: infocard_cta_margin (array value)
[02:40:48 UTC] [INFO] Processing widget image replacement for key: infocard_cta_margin
[02:40:48 UTC] [INFO] No image replacement needed for key: infocard_cta_margin - using default case
[02:40:48 UTC] [INFO] Widget has 0 child elements - processing recursively
[02:40:48 UTC] [INFO] Processing Elementor widgets - Total widgets at this level: 0
[02:40:48 UTC] [INFO] Completed processing 0 widgets at this level
[02:40:48 UTC] [INFO] Completed processing 2 widgets at this level
[02:40:48 UTC] [INFO] Completed processing 3 widgets at this level
[02:40:48 UTC] [INFO] Successfully updated Elementor data for post ID: 26
[02:40:48 UTC] [INFO] Cleared Elementor cache for post ID: 26
[02:40:48 UTC] [INFO] Updated page content | Context: {"post_id":26}
[02:40:48 UTC] [INFO] Starting Elementor image replacement for post ID: 25
[02:40:48 UTC] [INFO] Successfully decoded Elementor data for post ID: 25 - processing widgets
[02:40:48 UTC] [INFO] Processing Elementor widgets - Total widgets at this level: 3
[02:40:48 UTC] [INFO] Processing widget #1 - Type: container
[02:40:48 UTC] [INFO] Widget has settings array with 5 items
[02:40:48 UTC] [INFO] Processing setting key: padding (array value)
[02:40:48 UTC] [INFO] Processing widget image replacement for key: padding
[02:40:48 UTC] [INFO] No image replacement needed for key: padding - using default case
[02:40:48 UTC] [INFO] Processing setting key: padding_tablet (array value)
[02:40:48 UTC] [INFO] Processing widget image replacement for key: padding_tablet
[02:40:48 UTC] [INFO] No image replacement needed for key: padding_tablet - using default case
[02:40:48 UTC] [INFO] Processing setting key: padding_mobile (array value)
[02:40:48 UTC] [INFO] Processing widget image replacement for key: padding_mobile
[02:40:48 UTC] [INFO] No image replacement needed for key: padding_mobile - using default case
[02:40:48 UTC] [INFO] Processing setting key: boxed_width (array value)
[02:40:48 UTC] [INFO] Processing widget image replacement for key: boxed_width
[02:40:48 UTC] [INFO] No image replacement needed for key: boxed_width - using default case
[02:40:48 UTC] [INFO] Widget has 2 child elements - processing recursively
[02:40:48 UTC] [INFO] Processing Elementor widgets - Total widgets at this level: 2
[02:40:48 UTC] [INFO] Processing widget #1 - Type: text-editor
[02:40:48 UTC] [INFO] Widget has settings array with 11 items
[02:40:48 UTC] [INFO] Processing setting key: typography_font_size (array value)
[02:40:48 UTC] [INFO] Processing widget image replacement for key: typography_font_size
[02:40:48 UTC] [INFO] No image replacement needed for key: typography_font_size - using default case
[02:40:48 UTC] [INFO] Processing setting key: typography_font_size_mobile (array value)
[02:40:48 UTC] [INFO] Processing widget image replacement for key: typography_font_size_mobile
[02:40:48 UTC] [INFO] No image replacement needed for key: typography_font_size_mobile - using default case
[02:40:48 UTC] [INFO] Processing setting key: typography_line_height (array value)
[02:40:48 UTC] [INFO] Processing widget image replacement for key: typography_line_height
[02:40:48 UTC] [INFO] No image replacement needed for key: typography_line_height - using default case
[02:40:48 UTC] [INFO] Processing setting key: typography_letter_spacing (array value)
[02:40:48 UTC] [INFO] Processing widget image replacement for key: typography_letter_spacing
[02:40:48 UTC] [INFO] No image replacement needed for key: typography_letter_spacing - using default case
[02:40:48 UTC] [INFO] Processing setting key: paragraph_spacing (array value)
[02:40:48 UTC] [INFO] Processing widget image replacement for key: paragraph_spacing
[02:40:48 UTC] [INFO] No image replacement needed for key: paragraph_spacing - using default case
[02:40:48 UTC] [INFO] Processing setting key: __globals__ (array value)
[02:40:48 UTC] [INFO] Processing widget image replacement for key: __globals__
[02:40:48 UTC] [INFO] No image replacement needed for key: __globals__ - using default case
[02:40:48 UTC] [INFO] Widget has 0 child elements - processing recursively
[02:40:48 UTC] [INFO] Processing Elementor widgets - Total widgets at this level: 0
[02:40:48 UTC] [INFO] Completed processing 0 widgets at this level
[02:40:48 UTC] [INFO] Processing widget #2 - Type: heading
[02:40:48 UTC] [INFO] Widget has settings array with 9 items
[02:40:48 UTC] [INFO] Processing setting key: _margin (array value)
[02:40:48 UTC] [INFO] Processing widget image replacement for key: _margin
[02:40:48 UTC] [INFO] No image replacement needed for key: _margin - using default case
[02:40:48 UTC] [INFO] Processing setting key: _margin_tablet (array value)
[02:40:48 UTC] [INFO] Processing widget image replacement for key: _margin_tablet
[02:40:48 UTC] [INFO] No image replacement needed for key: _margin_tablet - using default case
[02:40:48 UTC] [INFO] Processing setting key: _margin_mobile (array value)
[02:40:48 UTC] [INFO] Processing widget image replacement for key: _margin_mobile
[02:40:48 UTC] [INFO] No image replacement needed for key: _margin_mobile - using default case
[02:40:48 UTC] [INFO] Processing setting key: _padding (array value)
[02:40:48 UTC] [INFO] Processing widget image replacement for key: _padding
[02:40:48 UTC] [INFO] No image replacement needed for key: _padding - using default case
[02:40:48 UTC] [INFO] Processing setting key: _padding_tablet (array value)
[02:40:48 UTC] [INFO] Processing widget image replacement for key: _padding_tablet
[02:40:48 UTC] [INFO] No image replacement needed for key: _padding_tablet - using default case
[02:40:48 UTC] [INFO] Processing setting key: _padding_mobile (array value)
[02:40:48 UTC] [INFO] Processing widget image replacement for key: _padding_mobile
[02:40:48 UTC] [INFO] No image replacement needed for key: _padding_mobile - using default case
[02:40:48 UTC] [INFO] Widget has 0 child elements - processing recursively
[02:40:48 UTC] [INFO] Processing Elementor widgets - Total widgets at this level: 0
[02:40:48 UTC] [INFO] Completed processing 0 widgets at this level
[02:40:48 UTC] [INFO] Completed processing 2 widgets at this level
[02:40:48 UTC] [INFO] Processing widget #2 - Type: container
[02:40:48 UTC] [INFO] Widget has settings array with 4 items
[02:40:48 UTC] [INFO] Processing setting key: padding (array value)
[02:40:48 UTC] [INFO] Processing widget image replacement for key: padding
[02:40:48 UTC] [INFO] No image replacement needed for key: padding - using default case
[02:40:48 UTC] [INFO] Processing setting key: padding_tablet (array value)
[02:40:48 UTC] [INFO] Processing widget image replacement for key: padding_tablet
[02:40:48 UTC] [INFO] No image replacement needed for key: padding_tablet - using default case
[02:40:48 UTC] [INFO] Processing setting key: padding_mobile (array value)
[02:40:48 UTC] [INFO] Processing widget image replacement for key: padding_mobile
[02:40:48 UTC] [INFO] No image replacement needed for key: padding_mobile - using default case
[02:40:48 UTC] [INFO] Widget has 1 child elements - processing recursively
[02:40:48 UTC] [INFO] Processing Elementor widgets - Total widgets at this level: 1
[02:40:48 UTC] [INFO] Processing widget #1 - Type: container
[02:40:48 UTC] [INFO] Widget has settings array with 9 items
[02:40:48 UTC] [INFO] Processing setting key: flex_gap (array value)
[02:40:48 UTC] [INFO] Processing widget image replacement for key: flex_gap
[02:40:48 UTC] [INFO] No image replacement needed for key: flex_gap - using default case
[02:40:48 UTC] [INFO] Processing setting key: flex_gap_tablet (array value)
[02:40:48 UTC] [INFO] Processing widget image replacement for key: flex_gap_tablet
[02:40:48 UTC] [INFO] No image replacement needed for key: flex_gap_tablet - using default case
[02:40:48 UTC] [INFO] Processing setting key: flex_gap_mobile (array value)
[02:40:48 UTC] [INFO] Processing widget image replacement for key: flex_gap_mobile
[02:40:48 UTC] [INFO] No image replacement needed for key: flex_gap_mobile - using default case
[02:40:48 UTC] [INFO] Processing setting key: margin (array value)
[02:40:48 UTC] [INFO] Processing widget image replacement for key: margin
[02:40:48 UTC] [INFO] No image replacement needed for key: margin - using default case
[02:40:48 UTC] [INFO] Processing setting key: margin_tablet (array value)
[02:40:48 UTC] [INFO] Processing widget image replacement for key: margin_tablet
[02:40:48 UTC] [INFO] No image replacement needed for key: margin_tablet - using default case
[02:40:48 UTC] [INFO] Processing setting key: padding (array value)
[02:40:48 UTC] [INFO] Processing widget image replacement for key: padding
[02:40:48 UTC] [INFO] No image replacement needed for key: padding - using default case
[02:40:48 UTC] [INFO] Widget has 3 child elements - processing recursively
[02:40:48 UTC] [INFO] Processing Elementor widgets - Total widgets at this level: 3
[02:40:48 UTC] [INFO] Processing widget #1 - Type: container
[02:40:48 UTC] [INFO] Widget has settings array with 3 items
[02:40:48 UTC] [INFO] Processing setting key: width (array value)
[02:40:48 UTC] [INFO] Processing widget image replacement for key: width
[02:40:48 UTC] [INFO] No image replacement needed for key: width - using default case
[02:40:48 UTC] [INFO] Processing setting key: padding (array value)
[02:40:48 UTC] [INFO] Processing widget image replacement for key: padding
[02:40:48 UTC] [INFO] No image replacement needed for key: padding - using default case
[02:40:48 UTC] [INFO] Widget has 2 child elements - processing recursively
[02:40:48 UTC] [INFO] Processing Elementor widgets - Total widgets at this level: 2
[02:40:48 UTC] [INFO] Processing widget #1 - Type: image
[02:40:48 UTC] [INFO] Widget has settings array with 9 items
[02:40:48 UTC] [INFO] Processing setting key: image (array value)
[02:40:48 UTC] [INFO] Processing widget image replacement for key: image
[02:40:48 UTC] [INFO] Replacing single image for key: image - Original URL: http://e-entrepreneur3.ziptemplates.top/wp-content/uploads/2025/09/article-01.jpg
[02:40:48 UTC] [INFO] Getting new image attachment - Current image index: 1
[02:40:48 UTC] [INFO] Retrieved image data from index 1 - attempting download
[02:40:48 UTC] [INFO] Image downloaded successfully - Attachment ID: 16
[02:40:48 UTC] [INFO] Successfully created new attachment - ID: 16 - URL: http://localhost/wp_site/wp-content/uploads/2026/08/pexels-photo-28994394.jpeg - Image index incremented from 1 to 2
[02:40:48 UTC] [INFO] Single image replaced for key: image - New URL: http://localhost/wp_site/wp-content/uploads/2026/08/pexels-photo-28994394.jpeg - New ID: 16
[02:40:48 UTC] [INFO] Processing setting key: width (array value)
[02:40:48 UTC] [INFO] Processing widget image replacement for key: width
[02:40:48 UTC] [INFO] No image replacement needed for key: width - using default case
[02:40:48 UTC] [INFO] Processing setting key: width_tablet (array value)
[02:40:48 UTC] [INFO] Processing widget image replacement for key: width_tablet
[02:40:48 UTC] [INFO] No image replacement needed for key: width_tablet - using default case
[02:40:48 UTC] [INFO] Processing setting key: width_mobile (array value)
[02:40:48 UTC] [INFO] Processing widget image replacement for key: width_mobile
[02:40:48 UTC] [INFO] No image replacement needed for key: width_mobile - using default case
[02:40:48 UTC] [INFO] Processing setting key: height (array value)
[02:40:48 UTC] [INFO] Processing widget image replacement for key: height
[02:40:48 UTC] [INFO] No image replacement needed for key: height - using default case
[02:40:48 UTC] [INFO] Processing setting key: height_tablet (array value)
[02:40:48 UTC] [INFO] Processing widget image replacement for key: height_tablet
[02:40:48 UTC] [INFO] No image replacement needed for key: height_tablet - using default case
[02:40:48 UTC] [INFO] Processing setting key: height_mobile (array value)
[02:40:48 UTC] [INFO] Processing widget image replacement for key: height_mobile
[02:40:48 UTC] [INFO] No image replacement needed for key: height_mobile - using default case
[02:40:48 UTC] [INFO] Widget has 0 child elements - processing recursively
[02:40:48 UTC] [INFO] Processing Elementor widgets - Total widgets at this level: 0
[02:40:48 UTC] [INFO] Completed processing 0 widgets at this level
[02:40:48 UTC] [INFO] Processing widget #2 - Type: hfe-infocard
[02:40:48 UTC] [INFO] Widget has settings array with 17 items
[02:40:48 UTC] [INFO] Processing setting key: infocard_button_radius (array value)
[02:40:48 UTC] [INFO] Processing widget image replacement for key: infocard_button_radius
[02:40:48 UTC] [INFO] No image replacement needed for key: infocard_button_radius - using default case
[02:40:48 UTC] [INFO] Processing setting key: infocard_button_custom_padding (array value)
[02:40:48 UTC] [INFO] Processing widget image replacement for key: infocard_button_custom_padding
[02:40:48 UTC] [INFO] No image replacement needed for key: infocard_button_custom_padding - using default case
[02:40:48 UTC] [INFO] Processing setting key: cta_typography_font_size_mobile (array value)
[02:40:48 UTC] [INFO] Processing widget image replacement for key: cta_typography_font_size_mobile
[02:40:48 UTC] [INFO] No image replacement needed for key: cta_typography_font_size_mobile - using default case
[02:40:48 UTC] [INFO] Processing setting key: infocard_title_margin (array value)
[02:40:48 UTC] [INFO] Processing widget image replacement for key: infocard_title_margin
[02:40:48 UTC] [INFO] No image replacement needed for key: infocard_title_margin - using default case
[02:40:48 UTC] [INFO] Processing setting key: infocard_desc_margin (array value)
[02:40:48 UTC] [INFO] Processing widget image replacement for key: infocard_desc_margin
[02:40:48 UTC] [INFO] No image replacement needed for key: infocard_desc_margin - using default case
[02:40:48 UTC] [INFO] Processing setting key: infocard_desc_margin_mobile (array value)
[02:40:48 UTC] [INFO] Processing widget image replacement for key: infocard_desc_margin_mobile
[02:40:48 UTC] [INFO] No image replacement needed for key: infocard_desc_margin_mobile - using default case
[02:40:48 UTC] [INFO] Processing setting key: infocard_cta_margin (array value)
[02:40:48 UTC] [INFO] Processing widget image replacement for key: infocard_cta_margin
[02:40:48 UTC] [INFO] No image replacement needed for key: infocard_cta_margin - using default case
[02:40:48 UTC] [INFO] Processing setting key: __globals__ (array value)
[02:40:48 UTC] [INFO] Processing widget image replacement for key: __globals__
[02:40:48 UTC] [INFO] No image replacement needed for key: __globals__ - using default case
[02:40:48 UTC] [INFO] Widget has 0 child elements - processing recursively
[02:40:48 UTC] [INFO] Processing Elementor widgets - Total widgets at this level: 0
[02:40:48 UTC] [INFO] Completed processing 0 widgets at this level
[02:40:48 UTC] [INFO] Completed processing 2 widgets at this level
[02:40:48 UTC] [INFO] Processing widget #2 - Type: container
[02:40:48 UTC] [INFO] Widget has settings array with 3 items
[02:40:48 UTC] [INFO] Processing setting key: width (array value)
[02:40:48 UTC] [INFO] Processing widget image replacement for key: width
[02:40:48 UTC] [INFO] No image replacement needed for key: width - using default case
[02:40:48 UTC] [INFO] Processing setting key: padding (array value)
[02:40:48 UTC] [INFO] Processing widget image replacement for key: padding
[02:40:48 UTC] [INFO] No image replacement needed for key: padding - using default case
[02:40:48 UTC] [INFO] Widget has 2 child elements - processing recursively
[02:40:48 UTC] [INFO] Processing Elementor widgets - Total widgets at this level: 2
[02:40:48 UTC] [INFO] Processing widget #1 - Type: image
[02:40:48 UTC] [INFO] Widget has settings array with 9 items
[02:40:48 UTC] [INFO] Processing setting key: image (array value)
[02:40:48 UTC] [INFO] Processing widget image replacement for key: image
[02:40:48 UTC] [INFO] Replacing single image for key: image - Original URL: http://e-entrepreneur3.ziptemplates.top/wp-content/uploads/2025/09/article-02.jpg
[02:40:48 UTC] [INFO] Getting new image attachment - Current image index: 2
[02:40:48 UTC] [INFO] Retrieved image data from index 2 - attempting download
[02:40:48 UTC] [INFO] Image downloaded successfully - Attachment ID: 17
[02:40:48 UTC] [INFO] Successfully created new attachment - ID: 17 - URL: http://localhost/wp_site/wp-content/uploads/2026/08/pexels-photo-31401740.jpeg - Image index incremented from 2 to 3
[02:40:48 UTC] [INFO] Single image replaced for key: image - New URL: http://localhost/wp_site/wp-content/uploads/2026/08/pexels-photo-31401740.jpeg - New ID: 17
[02:40:48 UTC] [INFO] Processing setting key: width (array value)
[02:40:48 UTC] [INFO] Processing widget image replacement for key: width
[02:40:48 UTC] [INFO] No image replacement needed for key: width - using default case
[02:40:48 UTC] [INFO] Processing setting key: width_tablet (array value)
[02:40:48 UTC] [INFO] Processing widget image replacement for key: width_tablet
[02:40:48 UTC] [INFO] No image replacement needed for key: width_tablet - using default case
[02:40:48 UTC] [INFO] Processing setting key: width_mobile (array value)
[02:40:48 UTC] [INFO] Processing widget image replacement for key: width_mobile
[02:40:48 UTC] [INFO] No image replacement needed for key: width_mobile - using default case
[02:40:48 UTC] [INFO] Processing setting key: height (array value)
[02:40:48 UTC] [INFO] Processing widget image replacement for key: height
[02:40:48 UTC] [INFO] No image replacement needed for key: height - using default case
[02:40:48 UTC] [INFO] Processing setting key: height_tablet (array value)
[02:40:48 UTC] [INFO] Processing widget image replacement for key: height_tablet
[02:40:48 UTC] [INFO] No image replacement needed for key: height_tablet - using default case
[02:40:48 UTC] [INFO] Processing setting key: height_mobile (array value)
[02:40:48 UTC] [INFO] Processing widget image replacement for key: height_mobile
[02:40:48 UTC] [INFO] No image replacement needed for key: height_mobile - using default case
[02:40:48 UTC] [INFO] Widget has 0 child elements - processing recursively
[02:40:48 UTC] [INFO] Processing Elementor widgets - Total widgets at this level: 0
[02:40:48 UTC] [INFO] Completed processing 0 widgets at this level
[02:40:48 UTC] [INFO] Processing widget #2 - Type: hfe-infocard
[02:40:48 UTC] [INFO] Widget has settings array with 17 items
[02:40:48 UTC] [INFO] Processing setting key: infocard_button_radius (array value)
[02:40:48 UTC] [INFO] Processing widget image replacement for key: infocard_button_radius
[02:40:48 UTC] [INFO] No image replacement needed for key: infocard_button_radius - using default case
[02:40:48 UTC] [INFO] Processing setting key: infocard_button_custom_padding (array value)
[02:40:48 UTC] [INFO] Processing widget image replacement for key: infocard_button_custom_padding
[02:40:48 UTC] [INFO] No image replacement needed for key: infocard_button_custom_padding - using default case
[02:40:48 UTC] [INFO] Processing setting key: cta_typography_font_size_mobile (array value)
[02:40:48 UTC] [INFO] Processing widget image replacement for key: cta_typography_font_size_mobile
[02:40:48 UTC] [INFO] No image replacement needed for key: cta_typography_font_size_mobile - using default case
[02:40:48 UTC] [INFO] Processing setting key: infocard_title_margin (array value)
[02:40:48 UTC] [INFO] Processing widget image replacement for key: infocard_title_margin
[02:40:48 UTC] [INFO] No image replacement needed for key: infocard_title_margin - using default case
[02:40:48 UTC] [INFO] Processing setting key: infocard_desc_margin (array value)
[02:40:48 UTC] [INFO] Processing widget image replacement for key: infocard_desc_margin
[02:40:48 UTC] [INFO] No image replacement needed for key: infocard_desc_margin - using default case
[02:40:48 UTC] [INFO] Processing setting key: infocard_desc_margin_mobile (array value)
[02:40:48 UTC] [INFO] Processing widget image replacement for key: infocard_desc_margin_mobile
[02:40:48 UTC] [INFO] No image replacement needed for key: infocard_desc_margin_mobile - using default case
[02:40:48 UTC] [INFO] Processing setting key: infocard_cta_margin (array value)
[02:40:48 UTC] [INFO] Processing widget image replacement for key: infocard_cta_margin
[02:40:48 UTC] [INFO] No image replacement needed for key: infocard_cta_margin - using default case
[02:40:48 UTC] [INFO] Processing setting key: __globals__ (array value)
[02:40:48 UTC] [INFO] Processing widget image replacement for key: __globals__
[02:40:48 UTC] [INFO] No image replacement needed for key: __globals__ - using default case
[02:40:48 UTC] [INFO] Widget has 0 child elements - processing recursively
[02:40:48 UTC] [INFO] Processing Elementor widgets - Total widgets at this level: 0
[02:40:48 UTC] [INFO] Completed processing 0 widgets at this level
[02:40:48 UTC] [INFO] Completed processing 2 widgets at this level
[02:40:48 UTC] [INFO] Processing widget #3 - Type: container
[02:40:48 UTC] [INFO] Widget has settings array with 3 items
[02:40:48 UTC] [INFO] Processing setting key: width (array value)
[02:40:48 UTC] [INFO] Processing widget image replacement for key: width
[02:40:48 UTC] [INFO] No image replacement needed for key: width - using default case
[02:40:48 UTC] [INFO] Processing setting key: padding (array value)
[02:40:48 UTC] [INFO] Processing widget image replacement for key: padding
[02:40:48 UTC] [INFO] No image replacement needed for key: padding - using default case
[02:40:48 UTC] [INFO] Widget has 2 child elements - processing recursively
[02:40:48 UTC] [INFO] Processing Elementor widgets - Total widgets at this level: 2
[02:40:48 UTC] [INFO] Processing widget #1 - Type: image
[02:40:48 UTC] [INFO] Widget has settings array with 9 items
[02:40:48 UTC] [INFO] Processing setting key: image (array value)
[02:40:48 UTC] [INFO] Processing widget image replacement for key: image
[02:40:48 UTC] [INFO] Replacing single image for key: image - Original URL: http://e-entrepreneur3.ziptemplates.top/wp-content/uploads/2025/09/article-03.jpg
[02:40:48 UTC] [INFO] Getting new image attachment - Current image index: 3
[02:40:48 UTC] [INFO] Retrieved image data from index 3 - attempting download
[02:40:48 UTC] [INFO] Image downloaded successfully - Attachment ID: 18
[02:40:48 UTC] [INFO] Successfully created new attachment - ID: 18 - URL: http://localhost/wp_site/wp-content/uploads/2026/08/pexels-photo-18186236.jpeg - Image index incremented from 3 to 0
[02:40:48 UTC] [INFO] Single image replaced for key: image - New URL: http://localhost/wp_site/wp-content/uploads/2026/08/pexels-photo-18186236.jpeg - New ID: 18
[02:40:48 UTC] [INFO] Processing setting key: width (array value)
[02:40:48 UTC] [INFO] Processing widget image replacement for key: width
[02:40:48 UTC] [INFO] No image replacement needed for key: width - using default case
[02:40:48 UTC] [INFO] Processing setting key: width_tablet (array value)
[02:40:48 UTC] [INFO] Processing widget image replacement for key: width_tablet
[02:40:48 UTC] [INFO] No image replacement needed for key: width_tablet - using default case
[02:40:48 UTC] [INFO] Processing setting key: width_mobile (array value)
[02:40:48 UTC] [INFO] Processing widget image replacement for key: width_mobile
[02:40:48 UTC] [INFO] No image replacement needed for key: width_mobile - using default case
[02:40:48 UTC] [INFO] Processing setting key: height (array value)
[02:40:48 UTC] [INFO] Processing widget image replacement for key: height
[02:40:48 UTC] [INFO] No image replacement needed for key: height - using default case
[02:40:48 UTC] [INFO] Processing setting key: height_tablet (array value)
[02:40:48 UTC] [INFO] Processing widget image replacement for key: height_tablet
[02:40:48 UTC] [INFO] No image replacement needed for key: height_tablet - using default case
[02:40:48 UTC] [INFO] Processing setting key: height_mobile (array value)
[02:40:48 UTC] [INFO] Processing widget image replacement for key: height_mobile
[02:40:48 UTC] [INFO] No image replacement needed for key: height_mobile - using default case
[02:40:48 UTC] [INFO] Widget has 0 child elements - processing recursively
[02:40:48 UTC] [INFO] Processing Elementor widgets - Total widgets at this level: 0
[02:40:48 UTC] [INFO] Completed processing 0 widgets at this level
[02:40:48 UTC] [INFO] Processing widget #2 - Type: hfe-infocard
[02:40:48 UTC] [INFO] Widget has settings array with 17 items
[02:40:48 UTC] [INFO] Processing setting key: infocard_button_radius (array value)
[02:40:48 UTC] [INFO] Processing widget image replacement for key: infocard_button_radius
[02:40:48 UTC] [INFO] No image replacement needed for key: infocard_button_radius - using default case
[02:40:48 UTC] [INFO] Processing setting key: infocard_button_custom_padding (array value)
[02:40:48 UTC] [INFO] Processing widget image replacement for key: infocard_button_custom_padding
[02:40:48 UTC] [INFO] No image replacement needed for key: infocard_button_custom_padding - using default case
[02:40:48 UTC] [INFO] Processing setting key: cta_typography_font_size_mobile (array value)
[02:40:48 UTC] [INFO] Processing widget image replacement for key: cta_typography_font_size_mobile
[02:40:48 UTC] [INFO] No image replacement needed for key: cta_typography_font_size_mobile - using default case
[02:40:48 UTC] [INFO] Processing setting key: infocard_title_margin (array value)
[02:40:48 UTC] [INFO] Processing widget image replacement for key: infocard_title_margin
[02:40:48 UTC] [INFO] No image replacement needed for key: infocard_title_margin - using default case
[02:40:48 UTC] [INFO] Processing setting key: infocard_desc_margin (array value)
[02:40:48 UTC] [INFO] Processing widget image replacement for key: infocard_desc_margin
[02:40:48 UTC] [INFO] No image replacement needed for key: infocard_desc_margin - using default case
[02:40:48 UTC] [INFO] Processing setting key: infocard_desc_margin_mobile (array value)
[02:40:48 UTC] [INFO] Processing widget image replacement for key: infocard_desc_margin_mobile
[02:40:48 UTC] [INFO] No image replacement needed for key: infocard_desc_margin_mobile - using default case
[02:40:48 UTC] [INFO] Processing setting key: infocard_cta_margin (array value)
[02:40:48 UTC] [INFO] Processing widget image replacement for key: infocard_cta_margin
[02:40:48 UTC] [INFO] No image replacement needed for key: infocard_cta_margin - using default case
[02:40:49 UTC] [INFO] Processing setting key: __globals__ (array value)
[02:40:49 UTC] [INFO] Processing widget image replacement for key: __globals__
[02:40:49 UTC] [INFO] No image replacement needed for key: __globals__ - using default case
[02:40:49 UTC] [INFO] Widget has 0 child elements - processing recursively
[02:40:49 UTC] [INFO] Processing Elementor widgets - Total widgets at this level: 0
[02:40:49 UTC] [INFO] Completed processing 0 widgets at this level
[02:40:49 UTC] [INFO] Completed processing 2 widgets at this level
[02:40:49 UTC] [INFO] Completed processing 3 widgets at this level
[02:40:49 UTC] [INFO] Completed processing 1 widgets at this level
[02:40:49 UTC] [INFO] Processing widget #3 - Type: container
[02:40:49 UTC] [INFO] Widget has settings array with 15 items
[02:40:49 UTC] [INFO] Processing setting key: background_image (array value)
[02:40:49 UTC] [INFO] Processing widget image replacement for key: background_image
[02:40:49 UTC] [INFO] Replacing single image for key: background_image - Original URL: http://e-entrepreneur3.ziptemplates.top/wp-content/uploads/2025/09/cta-14.jpg
[02:40:49 UTC] [INFO] Getting new image attachment - Current image index: 0
[02:40:49 UTC] [INFO] Retrieved image data from index 0 - attempting download
[02:40:49 UTC] [INFO] Image downloaded successfully - Attachment ID: 15
[02:40:49 UTC] [INFO] Successfully created new attachment - ID: 15 - URL: http://localhost/wp_site/wp-content/uploads/2026/08/pexels-photo-19572634.jpeg - Image index incremented from 0 to 1
[02:40:49 UTC] [INFO] Single image replaced for key: background_image - New URL: http://localhost/wp_site/wp-content/uploads/2026/08/pexels-photo-19572634.jpeg - New ID: 15
[02:40:49 UTC] [INFO] Processing setting key: background_overlay_opacity (array value)
[02:40:49 UTC] [INFO] Processing widget image replacement for key: background_overlay_opacity
[02:40:49 UTC] [INFO] No image replacement needed for key: background_overlay_opacity - using default case
[02:40:49 UTC] [INFO] Processing setting key: padding (array value)
[02:40:49 UTC] [INFO] Processing widget image replacement for key: padding
[02:40:49 UTC] [INFO] No image replacement needed for key: padding - using default case
[02:40:49 UTC] [INFO] Processing setting key: padding_tablet (array value)
[02:40:49 UTC] [INFO] Processing widget image replacement for key: padding_tablet
[02:40:49 UTC] [INFO] No image replacement needed for key: padding_tablet - using default case
[02:40:49 UTC] [INFO] Processing setting key: padding_mobile (array value)
[02:40:49 UTC] [INFO] Processing widget image replacement for key: padding_mobile
[02:40:49 UTC] [INFO] No image replacement needed for key: padding_mobile - using default case
[02:40:49 UTC] [INFO] Processing setting key: __globals__ (array value)
[02:40:49 UTC] [INFO] Processing widget image replacement for key: __globals__
[02:40:49 UTC] [INFO] No image replacement needed for key: __globals__ - using default case
[02:40:49 UTC] [INFO] Processing setting key: boxed_width (array value)
[02:40:49 UTC] [INFO] Processing widget image replacement for key: boxed_width
[02:40:49 UTC] [INFO] No image replacement needed for key: boxed_width - using default case
[02:40:49 UTC] [INFO] Processing setting key: boxed_width_tablet (array value)
[02:40:49 UTC] [INFO] Processing widget image replacement for key: boxed_width_tablet
[02:40:49 UTC] [INFO] No image replacement needed for key: boxed_width_tablet - using default case
[02:40:49 UTC] [INFO] Widget has 2 child elements - processing recursively
[02:40:49 UTC] [INFO] Processing Elementor widgets - Total widgets at this level: 2
[02:40:49 UTC] [INFO] Processing widget #1 - Type: text-editor
[02:40:49 UTC] [INFO] Widget has settings array with 13 items
[02:40:49 UTC] [INFO] Processing setting key: typography_font_size (array value)
[02:40:49 UTC] [INFO] Processing widget image replacement for key: typography_font_size
[02:40:49 UTC] [INFO] No image replacement needed for key: typography_font_size - using default case
[02:40:49 UTC] [INFO] Processing setting key: typography_font_size_mobile (array value)
[02:40:49 UTC] [INFO] Processing widget image replacement for key: typography_font_size_mobile
[02:40:49 UTC] [INFO] No image replacement needed for key: typography_font_size_mobile - using default case
[02:40:49 UTC] [INFO] Processing setting key: typography_line_height (array value)
[02:40:49 UTC] [INFO] Processing widget image replacement for key: typography_line_height
[02:40:49 UTC] [INFO] No image replacement needed for key: typography_line_height - using default case
[02:40:49 UTC] [INFO] Processing setting key: typography_letter_spacing (array value)
[02:40:49 UTC] [INFO] Processing widget image replacement for key: typography_letter_spacing
[02:40:49 UTC] [INFO] No image replacement needed for key: typography_letter_spacing - using default case
[02:40:49 UTC] [INFO] Processing setting key: paragraph_spacing (array value)
[02:40:49 UTC] [INFO] Processing widget image replacement for key: paragraph_spacing
[02:40:49 UTC] [INFO] No image replacement needed for key: paragraph_spacing - using default case
[02:40:49 UTC] [INFO] Processing setting key: __globals__ (array value)
[02:40:49 UTC] [INFO] Processing widget image replacement for key: __globals__
[02:40:49 UTC] [INFO] No image replacement needed for key: __globals__ - using default case
[02:40:49 UTC] [INFO] Widget has 0 child elements - processing recursively
[02:40:49 UTC] [INFO] Processing Elementor widgets - Total widgets at this level: 0
[02:40:49 UTC] [INFO] Completed processing 0 widgets at this level
[02:40:49 UTC] [INFO] Processing widget #2 - Type: hfe-infocard
[02:40:49 UTC] [INFO] Widget has settings array with 17 items
[02:40:49 UTC] [INFO] Processing setting key: infocard_text_link (array value)
[02:40:49 UTC] [INFO] Processing widget image replacement for key: infocard_text_link
[02:40:49 UTC] [INFO] No image replacement needed for key: infocard_text_link - using default case
[02:40:49 UTC] [INFO] Processing setting key: infocard_button_border_size (array value)
[02:40:49 UTC] [INFO] Processing widget image replacement for key: infocard_button_border_size
[02:40:49 UTC] [INFO] No image replacement needed for key: infocard_button_border_size - using default case
[02:40:49 UTC] [INFO] Processing setting key: cta_typography_font_size_mobile (array value)
[02:40:49 UTC] [INFO] Processing widget image replacement for key: cta_typography_font_size_mobile
[02:40:49 UTC] [INFO] No image replacement needed for key: cta_typography_font_size_mobile - using default case
[02:40:49 UTC] [INFO] Processing setting key: infocard_title_margin (array value)
[02:40:49 UTC] [INFO] Processing widget image replacement for key: infocard_title_margin
[02:40:49 UTC] [INFO] No image replacement needed for key: infocard_title_margin - using default case
[02:40:49 UTC] [INFO] Processing setting key: infocard_title_margin_tablet (array value)
[02:40:49 UTC] [INFO] Processing widget image replacement for key: infocard_title_margin_tablet
[02:40:49 UTC] [INFO] No image replacement needed for key: infocard_title_margin_tablet - using default case
[02:40:49 UTC] [INFO] Processing setting key: infocard_title_margin_mobile (array value)
[02:40:49 UTC] [INFO] Processing widget image replacement for key: infocard_title_margin_mobile
[02:40:49 UTC] [INFO] No image replacement needed for key: infocard_title_margin_mobile - using default case
[02:40:49 UTC] [INFO] Processing setting key: infocard_desc_margin (array value)
[02:40:49 UTC] [INFO] Processing widget image replacement for key: infocard_desc_margin
[02:40:49 UTC] [INFO] No image replacement needed for key: infocard_desc_margin - using default case
[02:40:49 UTC] [INFO] Processing setting key: infocard_desc_margin_tablet (array value)
[02:40:49 UTC] [INFO] Processing widget image replacement for key: infocard_desc_margin_tablet
[02:40:49 UTC] [INFO] No image replacement needed for key: infocard_desc_margin_tablet - using default case
[02:40:49 UTC] [INFO] Processing setting key: infocard_cta_margin (array value)
[02:40:49 UTC] [INFO] Processing widget image replacement for key: infocard_cta_margin
[02:40:49 UTC] [INFO] No image replacement needed for key: infocard_cta_margin - using default case
[02:40:49 UTC] [INFO] Widget has 0 child elements - processing recursively
[02:40:49 UTC] [INFO] Processing Elementor widgets - Total widgets at this level: 0
[02:40:49 UTC] [INFO] Completed processing 0 widgets at this level
[02:40:49 UTC] [INFO] Completed processing 2 widgets at this level
[02:40:49 UTC] [INFO] Completed processing 3 widgets at this level
[02:40:49 UTC] [INFO] Successfully updated Elementor data for post ID: 25
[02:40:49 UTC] [INFO] Cleared Elementor cache for post ID: 25
[02:40:49 UTC] [INFO] Updated page content | Context: {"post_id":25}
[02:40:49 UTC] [INFO] Starting Elementor image replacement for post ID: 24
[02:40:49 UTC] [INFO] Successfully decoded Elementor data for post ID: 24 - processing widgets
[02:40:49 UTC] [INFO] Processing Elementor widgets - Total widgets at this level: 3
[02:40:49 UTC] [INFO] Processing widget #1 - Type: container
[02:40:49 UTC] [INFO] Widget has settings array with 5 items
[02:40:49 UTC] [INFO] Processing setting key: padding (array value)
[02:40:49 UTC] [INFO] Processing widget image replacement for key: padding
[02:40:49 UTC] [INFO] No image replacement needed for key: padding - using default case
[02:40:49 UTC] [INFO] Processing setting key: padding_tablet (array value)
[02:40:49 UTC] [INFO] Processing widget image replacement for key: padding_tablet
[02:40:49 UTC] [INFO] No image replacement needed for key: padding_tablet - using default case
[02:40:49 UTC] [INFO] Processing setting key: padding_mobile (array value)
[02:40:49 UTC] [INFO] Processing widget image replacement for key: padding_mobile
[02:40:49 UTC] [INFO] No image replacement needed for key: padding_mobile - using default case
[02:40:49 UTC] [INFO] Processing setting key: boxed_width (array value)
[02:40:49 UTC] [INFO] Processing widget image replacement for key: boxed_width
[02:40:49 UTC] [INFO] No image replacement needed for key: boxed_width - using default case
[02:40:49 UTC] [INFO] Widget has 2 child elements - processing recursively
[02:40:49 UTC] [INFO] Processing Elementor widgets - Total widgets at this level: 2
[02:40:49 UTC] [INFO] Processing widget #1 - Type: text-editor
[02:40:49 UTC] [INFO] Widget has settings array with 11 items
[02:40:49 UTC] [INFO] Processing setting key: typography_font_size (array value)
[02:40:49 UTC] [INFO] Processing widget image replacement for key: typography_font_size
[02:40:49 UTC] [INFO] No image replacement needed for key: typography_font_size - using default case
[02:40:49 UTC] [INFO] Processing setting key: typography_font_size_mobile (array value)
[02:40:49 UTC] [INFO] Processing widget image replacement for key: typography_font_size_mobile
[02:40:49 UTC] [INFO] No image replacement needed for key: typography_font_size_mobile - using default case
[02:40:49 UTC] [INFO] Processing setting key: typography_line_height (array value)
[02:40:49 UTC] [INFO] Processing widget image replacement for key: typography_line_height
[02:40:49 UTC] [INFO] No image replacement needed for key: typography_line_height - using default case
[02:40:49 UTC] [INFO] Processing setting key: typography_letter_spacing (array value)
[02:40:49 UTC] [INFO] Processing widget image replacement for key: typography_letter_spacing
[02:40:49 UTC] [INFO] No image replacement needed for key: typography_letter_spacing - using default case
[02:40:49 UTC] [INFO] Processing setting key: paragraph_spacing (array value)
[02:40:49 UTC] [INFO] Processing widget image replacement for key: paragraph_spacing
[02:40:49 UTC] [INFO] No image replacement needed for key: paragraph_spacing - using default case
[02:40:49 UTC] [INFO] Processing setting key: __globals__ (array value)
[02:40:49 UTC] [INFO] Processing widget image replacement for key: __globals__
[02:40:49 UTC] [INFO] No image replacement needed for key: __globals__ - using default case
[02:40:49 UTC] [INFO] Widget has 0 child elements - processing recursively
[02:40:49 UTC] [INFO] Processing Elementor widgets - Total widgets at this level: 0
[02:40:49 UTC] [INFO] Completed processing 0 widgets at this level
[02:40:49 UTC] [INFO] Processing widget #2 - Type: heading
[02:40:49 UTC] [INFO] Widget has settings array with 9 items
[02:40:49 UTC] [INFO] Processing setting key: _margin (array value)
[02:40:49 UTC] [INFO] Processing widget image replacement for key: _margin
[02:40:49 UTC] [INFO] No image replacement needed for key: _margin - using default case
[02:40:49 UTC] [INFO] Processing setting key: _margin_tablet (array value)
[02:40:49 UTC] [INFO] Processing widget image replacement for key: _margin_tablet
[02:40:49 UTC] [INFO] No image replacement needed for key: _margin_tablet - using default case
[02:40:49 UTC] [INFO] Processing setting key: _margin_mobile (array value)
[02:40:49 UTC] [INFO] Processing widget image replacement for key: _margin_mobile
[02:40:49 UTC] [INFO] No image replacement needed for key: _margin_mobile - using default case
[02:40:49 UTC] [INFO] Processing setting key: _padding (array value)
[02:40:49 UTC] [INFO] Processing widget image replacement for key: _padding
[02:40:49 UTC] [INFO] No image replacement needed for key: _padding - using default case
[02:40:49 UTC] [INFO] Processing setting key: _padding_tablet (array value)
[02:40:49 UTC] [INFO] Processing widget image replacement for key: _padding_tablet
[02:40:49 UTC] [INFO] No image replacement needed for key: _padding_tablet - using default case
[02:40:49 UTC] [INFO] Processing setting key: _padding_mobile (array value)
[02:40:49 UTC] [INFO] Processing widget image replacement for key: _padding_mobile
[02:40:49 UTC] [INFO] No image replacement needed for key: _padding_mobile - using default case
[02:40:49 UTC] [INFO] Widget has 0 child elements - processing recursively
[02:40:49 UTC] [INFO] Processing Elementor widgets - Total widgets at this level: 0
[02:40:49 UTC] [INFO] Completed processing 0 widgets at this level
[02:40:49 UTC] [INFO] Completed processing 2 widgets at this level
[02:40:49 UTC] [INFO] Processing widget #2 - Type: container
[02:40:49 UTC] [INFO] Widget has settings array with 7 items
[02:40:49 UTC] [INFO] Processing setting key: flex_gap (array value)
[02:40:49 UTC] [INFO] Processing widget image replacement for key: flex_gap
[02:40:49 UTC] [INFO] No image replacement needed for key: flex_gap - using default case
[02:40:49 UTC] [INFO] Processing setting key: flex_gap_tablet (array value)
[02:40:49 UTC] [INFO] Processing widget image replacement for key: flex_gap_tablet
[02:40:49 UTC] [INFO] No image replacement needed for key: flex_gap_tablet - using default case
[02:40:49 UTC] [INFO] Processing setting key: flex_gap_mobile (array value)
[02:40:49 UTC] [INFO] Processing widget image replacement for key: flex_gap_mobile
[02:40:49 UTC] [INFO] No image replacement needed for key: flex_gap_mobile - using default case
[02:40:49 UTC] [INFO] Processing setting key: padding (array value)
[02:40:49 UTC] [INFO] Processing widget image replacement for key: padding
[02:40:49 UTC] [INFO] No image replacement needed for key: padding - using default case
[02:40:49 UTC] [INFO] Processing setting key: padding_tablet (array value)
[02:40:49 UTC] [INFO] Processing widget image replacement for key: padding_tablet
[02:40:49 UTC] [INFO] No image replacement needed for key: padding_tablet - using default case
[02:40:49 UTC] [INFO] Processing setting key: padding_mobile (array value)
[02:40:49 UTC] [INFO] Processing widget image replacement for key: padding_mobile
[02:40:49 UTC] [INFO] No image replacement needed for key: padding_mobile - using default case
[02:40:49 UTC] [INFO] Widget has 2 child elements - processing recursively
[02:40:49 UTC] [INFO] Processing Elementor widgets - Total widgets at this level: 2
[02:40:49 UTC] [INFO] Processing widget #1 - Type: container
[02:40:49 UTC] [INFO] Widget has settings array with 4 items
[02:40:49 UTC] [INFO] Processing setting key: width (array value)
[02:40:49 UTC] [INFO] Processing widget image replacement for key: width
[02:40:49 UTC] [INFO] No image replacement needed for key: width - using default case
[02:40:49 UTC] [INFO] Processing setting key: padding (array value)
[02:40:49 UTC] [INFO] Processing widget image replacement for key: padding
[02:40:49 UTC] [INFO] No image replacement needed for key: padding - using default case
[02:40:49 UTC] [INFO] Widget has 2 child elements - processing recursively
[02:40:49 UTC] [INFO] Processing Elementor widgets - Total widgets at this level: 2
[02:40:49 UTC] [INFO] Processing widget #1 - Type: image
[02:40:49 UTC] [INFO] Widget has settings array with 9 items
[02:40:49 UTC] [INFO] Processing setting key: image (array value)
[02:40:49 UTC] [INFO] Processing widget image replacement for key: image
[02:40:49 UTC] [INFO] Replacing single image for key: image - Original URL: http://e-entrepreneur3.ziptemplates.top/wp-content/uploads/2025/09/my-story-01.jpg
[02:40:49 UTC] [INFO] Getting new image attachment - Current image index: 1
[02:40:49 UTC] [INFO] Retrieved image data from index 1 - attempting download
[02:40:49 UTC] [INFO] Image downloaded successfully - Attachment ID: 16
[02:40:49 UTC] [INFO] Successfully created new attachment - ID: 16 - URL: http://localhost/wp_site/wp-content/uploads/2026/08/pexels-photo-28994394.jpeg - Image index incremented from 1 to 2
[02:40:49 UTC] [INFO] Single image replaced for key: image - New URL: http://localhost/wp_site/wp-content/uploads/2026/08/pexels-photo-28994394.jpeg - New ID: 16
[02:40:49 UTC] [INFO] Processing setting key: width (array value)
[02:40:49 UTC] [INFO] Processing widget image replacement for key: width
[02:40:49 UTC] [INFO] No image replacement needed for key: width - using default case
[02:40:49 UTC] [INFO] Processing setting key: width_tablet (array value)
[02:40:49 UTC] [INFO] Processing widget image replacement for key: width_tablet
[02:40:49 UTC] [INFO] No image replacement needed for key: width_tablet - using default case
[02:40:49 UTC] [INFO] Processing setting key: width_mobile (array value)
[02:40:49 UTC] [INFO] Processing widget image replacement for key: width_mobile
[02:40:49 UTC] [INFO] No image replacement needed for key: width_mobile - using default case
[02:40:49 UTC] [INFO] Processing setting key: height (array value)
[02:40:49 UTC] [INFO] Processing widget image replacement for key: height
[02:40:49 UTC] [INFO] No image replacement needed for key: height - using default case
[02:40:49 UTC] [INFO] Processing setting key: height_tablet (array value)
[02:40:49 UTC] [INFO] Processing widget image replacement for key: height_tablet
[02:40:49 UTC] [INFO] No image replacement needed for key: height_tablet - using default case
[02:40:49 UTC] [INFO] Processing setting key: height_mobile (array value)
[02:40:49 UTC] [INFO] Processing widget image replacement for key: height_mobile
[02:40:49 UTC] [INFO] No image replacement needed for key: height_mobile - using default case
[02:40:49 UTC] [INFO] Processing setting key: image_border_radius (array value)
[02:40:49 UTC] [INFO] Processing widget image replacement for key: image_border_radius
[02:40:49 UTC] [INFO] No image replacement needed for key: image_border_radius - using default case
[02:40:49 UTC] [INFO] Widget has 0 child elements - processing recursively
[02:40:49 UTC] [INFO] Processing Elementor widgets - Total widgets at this level: 0
[02:40:49 UTC] [INFO] Completed processing 0 widgets at this level
[02:40:49 UTC] [INFO] Processing widget #2 - Type: text-editor
[02:40:49 UTC] [INFO] Widget has settings array with 5 items
[02:40:49 UTC] [INFO] Processing setting key: paragraph_spacing (array value)
[02:40:49 UTC] [INFO] Processing widget image replacement for key: paragraph_spacing
[02:40:49 UTC] [INFO] No image replacement needed for key: paragraph_spacing - using default case
[02:40:49 UTC] [INFO] Processing setting key: _padding (array value)
[02:40:49 UTC] [INFO] Processing widget image replacement for key: _padding
[02:40:49 UTC] [INFO] No image replacement needed for key: _padding - using default case
[02:40:49 UTC] [INFO] Processing setting key: _padding_tablet (array value)
[02:40:49 UTC] [INFO] Processing widget image replacement for key: _padding_tablet
[02:40:49 UTC] [INFO] No image replacement needed for key: _padding_tablet - using default case
[02:40:49 UTC] [INFO] Processing setting key: _padding_mobile (array value)
[02:40:49 UTC] [INFO] Processing widget image replacement for key: _padding_mobile
[02:40:49 UTC] [INFO] No image replacement needed for key: _padding_mobile - using default case
[02:40:49 UTC] [INFO] Widget has 0 child elements - processing recursively
[02:40:49 UTC] [INFO] Processing Elementor widgets - Total widgets at this level: 0
[02:40:49 UTC] [INFO] Completed processing 0 widgets at this level
[02:40:49 UTC] [INFO] Completed processing 2 widgets at this level
[02:40:49 UTC] [INFO] Processing widget #2 - Type: container
[02:40:49 UTC] [INFO] Widget has settings array with 6 items
[02:40:49 UTC] [INFO] Processing setting key: width (array value)
[02:40:49 UTC] [INFO] Processing widget image replacement for key: width
[02:40:49 UTC] [INFO] No image replacement needed for key: width - using default case
[02:40:49 UTC] [INFO] Processing setting key: flex_gap (array value)
[02:40:49 UTC] [INFO] Processing widget image replacement for key: flex_gap
[02:40:49 UTC] [INFO] No image replacement needed for key: flex_gap - using default case
[02:40:49 UTC] [INFO] Processing setting key: flex_gap_mobile (array value)
[02:40:49 UTC] [INFO] Processing widget image replacement for key: flex_gap_mobile
[02:40:49 UTC] [INFO] No image replacement needed for key: flex_gap_mobile - using default case
[02:40:49 UTC] [INFO] Processing setting key: padding (array value)
[02:40:49 UTC] [INFO] Processing widget image replacement for key: padding
[02:40:49 UTC] [INFO] No image replacement needed for key: padding - using default case
[02:40:49 UTC] [INFO] Widget has 4 child elements - processing recursively
[02:40:49 UTC] [INFO] Processing Elementor widgets - Total widgets at this level: 4
[02:40:49 UTC] [INFO] Processing widget #1 - Type: text-editor
[02:40:49 UTC] [INFO] Widget has settings array with 5 items
[02:40:49 UTC] [INFO] Processing setting key: paragraph_spacing (array value)
[02:40:49 UTC] [INFO] Processing widget image replacement for key: paragraph_spacing
[02:40:49 UTC] [INFO] No image replacement needed for key: paragraph_spacing - using default case
[02:40:49 UTC] [INFO] Processing setting key: _padding (array value)
[02:40:49 UTC] [INFO] Processing widget image replacement for key: _padding
[02:40:49 UTC] [INFO] No image replacement needed for key: _padding - using default case
[02:40:49 UTC] [INFO] Processing setting key: _padding_tablet (array value)
[02:40:49 UTC] [INFO] Processing widget image replacement for key: _padding_tablet
[02:40:49 UTC] [INFO] No image replacement needed for key: _padding_tablet - using default case
[02:40:49 UTC] [INFO] Processing setting key: _padding_mobile (array value)
[02:40:49 UTC] [INFO] Processing widget image replacement for key: _padding_mobile
[02:40:49 UTC] [INFO] No image replacement needed for key: _padding_mobile - using default case
[02:40:49 UTC] [INFO] Widget has 0 child elements - processing recursively
[02:40:49 UTC] [INFO] Processing Elementor widgets - Total widgets at this level: 0
[02:40:49 UTC] [INFO] Completed processing 0 widgets at this level
[02:40:49 UTC] [INFO] Processing widget #2 - Type: image
[02:40:49 UTC] [INFO] Widget has settings array with 9 items
[02:40:49 UTC] [INFO] Processing setting key: image (array value)
[02:40:49 UTC] [INFO] Processing widget image replacement for key: image
[02:40:49 UTC] [INFO] Replacing single image for key: image - Original URL: http://e-entrepreneur3.ziptemplates.top/wp-content/uploads/2025/09/my-story-02.jpg
[02:40:49 UTC] [INFO] Getting new image attachment - Current image index: 2
[02:40:49 UTC] [INFO] Retrieved image data from index 2 - attempting download
[02:40:49 UTC] [INFO] Image downloaded successfully - Attachment ID: 17
[02:40:49 UTC] [INFO] Successfully created new attachment - ID: 17 - URL: http://localhost/wp_site/wp-content/uploads/2026/08/pexels-photo-31401740.jpeg - Image index incremented from 2 to 3
[02:40:49 UTC] [INFO] Single image replaced for key: image - New URL: http://localhost/wp_site/wp-content/uploads/2026/08/pexels-photo-31401740.jpeg - New ID: 17
[02:40:49 UTC] [INFO] Processing setting key: width (array value)
[02:40:49 UTC] [INFO] Processing widget image replacement for key: width
[02:40:49 UTC] [INFO] No image replacement needed for key: width - using default case
[02:40:49 UTC] [INFO] Processing setting key: width_tablet (array value)
[02:40:49 UTC] [INFO] Processing widget image replacement for key: width_tablet
[02:40:49 UTC] [INFO] No image replacement needed for key: width_tablet - using default case
[02:40:49 UTC] [INFO] Processing setting key: width_mobile (array value)
[02:40:49 UTC] [INFO] Processing widget image replacement for key: width_mobile
[02:40:49 UTC] [INFO] No image replacement needed for key: width_mobile - using default case
[02:40:49 UTC] [INFO] Processing setting key: height (array value)
[02:40:49 UTC] [INFO] Processing widget image replacement for key: height
[02:40:49 UTC] [INFO] No image replacement needed for key: height - using default case
[02:40:49 UTC] [INFO] Processing setting key: height_tablet (array value)
[02:40:49 UTC] [INFO] Processing widget image replacement for key: height_tablet
[02:40:49 UTC] [INFO] No image replacement needed for key: height_tablet - using default case
[02:40:49 UTC] [INFO] Processing setting key: height_mobile (array value)
[02:40:49 UTC] [INFO] Processing widget image replacement for key: height_mobile
[02:40:49 UTC] [INFO] No image replacement needed for key: height_mobile - using default case
[02:40:49 UTC] [INFO] Processing setting key: image_border_radius (array value)
[02:40:49 UTC] [INFO] Processing widget image replacement for key: image_border_radius
[02:40:49 UTC] [INFO] No image replacement needed for key: image_border_radius - using default case
[02:40:49 UTC] [INFO] Widget has 0 child elements - processing recursively
[02:40:49 UTC] [INFO] Processing Elementor widgets - Total widgets at this level: 0
[02:40:49 UTC] [INFO] Completed processing 0 widgets at this level
[02:40:49 UTC] [INFO] Processing widget #3 - Type: text-editor
[02:40:49 UTC] [INFO] Widget has settings array with 5 items
[02:40:49 UTC] [INFO] Processing setting key: paragraph_spacing (array value)
[02:40:49 UTC] [INFO] Processing widget image replacement for key: paragraph_spacing
[02:40:49 UTC] [INFO] No image replacement needed for key: paragraph_spacing - using default case
[02:40:49 UTC] [INFO] Processing setting key: _padding (array value)
[02:40:49 UTC] [INFO] Processing widget image replacement for key: _padding
[02:40:49 UTC] [INFO] No image replacement needed for key: _padding - using default case
[02:40:49 UTC] [INFO] Processing setting key: _padding_tablet (array value)
[02:40:49 UTC] [INFO] Processing widget image replacement for key: _padding_tablet
[02:40:49 UTC] [INFO] No image replacement needed for key: _padding_tablet - using default case
[02:40:49 UTC] [INFO] Processing setting key: _padding_mobile (array value)
[02:40:49 UTC] [INFO] Processing widget image replacement for key: _padding_mobile
[02:40:49 UTC] [INFO] No image replacement needed for key: _padding_mobile - using default case
[02:40:49 UTC] [INFO] Widget has 0 child elements - processing recursively
[02:40:49 UTC] [INFO] Processing Elementor widgets - Total widgets at this level: 0
[02:40:49 UTC] [INFO] Completed processing 0 widgets at this level
[02:40:49 UTC] [INFO] Processing widget #4 - Type: text-editor
[02:40:49 UTC] [INFO] Widget has settings array with 4 items
[02:40:49 UTC] [INFO] Processing setting key: paragraph_spacing (array value)
[02:40:49 UTC] [INFO] Processing widget image replacement for key: paragraph_spacing
[02:40:49 UTC] [INFO] No image replacement needed for key: paragraph_spacing - using default case
[02:40:49 UTC] [INFO] Processing setting key: _padding (array value)
[02:40:49 UTC] [INFO] Processing widget image replacement for key: _padding
[02:40:49 UTC] [INFO] No image replacement needed for key: _padding - using default case
[02:40:49 UTC] [INFO] Processing setting key: _padding_tablet (array value)
[02:40:49 UTC] [INFO] Processing widget image replacement for key: _padding_tablet
[02:40:49 UTC] [INFO] No image replacement needed for key: _padding_tablet - using default case
[02:40:49 UTC] [INFO] Widget has 0 child elements - processing recursively
[02:40:49 UTC] [INFO] Processing Elementor widgets - Total widgets at this level: 0
[02:40:49 UTC] [INFO] Completed processing 0 widgets at this level
[02:40:49 UTC] [INFO] Completed processing 4 widgets at this level
[02:40:49 UTC] [INFO] Completed processing 2 widgets at this level
[02:40:49 UTC] [INFO] Processing widget #3 - Type: container
[02:40:49 UTC] [INFO] Widget has settings array with 15 items
[02:40:49 UTC] [INFO] Processing setting key: background_image (array value)
[02:40:49 UTC] [INFO] Processing widget image replacement for key: background_image
[02:40:49 UTC] [INFO] Replacing single image for key: background_image - Original URL: http://e-entrepreneur3.ziptemplates.top/wp-content/uploads/2025/09/cta-14.jpg
[02:40:49 UTC] [INFO] Getting new image attachment - Current image index: 3
[02:40:49 UTC] [INFO] Retrieved image data from index 3 - attempting download
[02:40:49 UTC] [INFO] Image downloaded successfully - Attachment ID: 18
[02:40:49 UTC] [INFO] Successfully created new attachment - ID: 18 - URL: http://localhost/wp_site/wp-content/uploads/2026/08/pexels-photo-18186236.jpeg - Image index incremented from 3 to 0
[02:40:49 UTC] [INFO] Single image replaced for key: background_image - New URL: http://localhost/wp_site/wp-content/uploads/2026/08/pexels-photo-18186236.jpeg - New ID: 18
[02:40:49 UTC] [INFO] Processing setting key: background_overlay_opacity (array value)
[02:40:49 UTC] [INFO] Processing widget image replacement for key: background_overlay_opacity
[02:40:49 UTC] [INFO] No image replacement needed for key: background_overlay_opacity - using default case
[02:40:49 UTC] [INFO] Processing setting key: padding (array value)
[02:40:49 UTC] [INFO] Processing widget image replacement for key: padding
[02:40:49 UTC] [INFO] No image replacement needed for key: padding - using default case
[02:40:49 UTC] [INFO] Processing setting key: padding_tablet (array value)
[02:40:49 UTC] [INFO] Processing widget image replacement for key: padding_tablet
[02:40:49 UTC] [INFO] No image replacement needed for key: padding_tablet - using default case
[02:40:49 UTC] [INFO] Processing setting key: padding_mobile (array value)
[02:40:49 UTC] [INFO] Processing widget image replacement for key: padding_mobile
[02:40:49 UTC] [INFO] No image replacement needed for key: padding_mobile - using default case
[02:40:49 UTC] [INFO] Processing setting key: __globals__ (array value)
[02:40:49 UTC] [INFO] Processing widget image replacement for key: __globals__
[02:40:49 UTC] [INFO] No image replacement needed for key: __globals__ - using default case
[02:40:49 UTC] [INFO] Processing setting key: boxed_width (array value)
[02:40:49 UTC] [INFO] Processing widget image replacement for key: boxed_width
[02:40:49 UTC] [INFO] No image replacement needed for key: boxed_width - using default case
[02:40:49 UTC] [INFO] Processing setting key: boxed_width_tablet (array value)
[02:40:49 UTC] [INFO] Processing widget image replacement for key: boxed_width_tablet
[02:40:49 UTC] [INFO] No image replacement needed for key: boxed_width_tablet - using default case
[02:40:49 UTC] [INFO] Widget has 2 child elements - processing recursively
[02:40:49 UTC] [INFO] Processing Elementor widgets - Total widgets at this level: 2
[02:40:49 UTC] [INFO] Processing widget #1 - Type: text-editor
[02:40:49 UTC] [INFO] Widget has settings array with 13 items
[02:40:49 UTC] [INFO] Processing setting key: typography_font_size (array value)
[02:40:49 UTC] [INFO] Processing widget image replacement for key: typography_font_size
[02:40:49 UTC] [INFO] No image replacement needed for key: typography_font_size - using default case
[02:40:49 UTC] [INFO] Processing setting key: typography_font_size_mobile (array value)
[02:40:49 UTC] [INFO] Processing widget image replacement for key: typography_font_size_mobile
[02:40:49 UTC] [INFO] No image replacement needed for key: typography_font_size_mobile - using default case
[02:40:49 UTC] [INFO] Processing setting key: typography_line_height (array value)
[02:40:49 UTC] [INFO] Processing widget image replacement for key: typography_line_height
[02:40:49 UTC] [INFO] No image replacement needed for key: typography_line_height - using default case
[02:40:49 UTC] [INFO] Processing setting key: typography_letter_spacing (array value)
[02:40:49 UTC] [INFO] Processing widget image replacement for key: typography_letter_spacing
[02:40:49 UTC] [INFO] No image replacement needed for key: typography_letter_spacing - using default case
[02:40:49 UTC] [INFO] Processing setting key: paragraph_spacing (array value)
[02:40:49 UTC] [INFO] Processing widget image replacement for key: paragraph_spacing
[02:40:49 UTC] [INFO] No image replacement needed for key: paragraph_spacing - using default case
[02:40:49 UTC] [INFO] Processing setting key: __globals__ (array value)
[02:40:49 UTC] [INFO] Processing widget image replacement for key: __globals__
[02:40:49 UTC] [INFO] No image replacement needed for key: __globals__ - using default case
[02:40:49 UTC] [INFO] Widget has 0 child elements - processing recursively
[02:40:49 UTC] [INFO] Processing Elementor widgets - Total widgets at this level: 0
[02:40:49 UTC] [INFO] Completed processing 0 widgets at this level
[02:40:49 UTC] [INFO] Processing widget #2 - Type: hfe-infocard
[02:40:49 UTC] [INFO] Widget has settings array with 17 items
[02:40:49 UTC] [INFO] Processing setting key: infocard_text_link (array value)
[02:40:49 UTC] [INFO] Processing widget image replacement for key: infocard_text_link
[02:40:49 UTC] [INFO] No image replacement needed for key: infocard_text_link - using default case
[02:40:49 UTC] [INFO] Processing setting key: infocard_button_border_size (array value)
[02:40:49 UTC] [INFO] Processing widget image replacement for key: infocard_button_border_size
[02:40:49 UTC] [INFO] No image replacement needed for key: infocard_button_border_size - using default case
[02:40:49 UTC] [INFO] Processing setting key: cta_typography_font_size_mobile (array value)
[02:40:49 UTC] [INFO] Processing widget image replacement for key: cta_typography_font_size_mobile
[02:40:49 UTC] [INFO] No image replacement needed for key: cta_typography_font_size_mobile - using default case
[02:40:49 UTC] [INFO] Processing setting key: infocard_title_margin (array value)
[02:40:49 UTC] [INFO] Processing widget image replacement for key: infocard_title_margin
[02:40:49 UTC] [INFO] No image replacement needed for key: infocard_title_margin - using default case
[02:40:49 UTC] [INFO] Processing setting key: infocard_title_margin_tablet (array value)
[02:40:49 UTC] [INFO] Processing widget image replacement for key: infocard_title_margin_tablet
[02:40:49 UTC] [INFO] No image replacement needed for key: infocard_title_margin_tablet - using default case
[02:40:49 UTC] [INFO] Processing setting key: infocard_title_margin_mobile (array value)
[02:40:49 UTC] [INFO] Processing widget image replacement for key: infocard_title_margin_mobile
[02:40:49 UTC] [INFO] No image replacement needed for key: infocard_title_margin_mobile - using default case
[02:40:49 UTC] [INFO] Processing setting key: infocard_desc_margin (array value)
[02:40:49 UTC] [INFO] Processing widget image replacement for key: infocard_desc_margin
[02:40:49 UTC] [INFO] No image replacement needed for key: infocard_desc_margin - using default case
[02:40:49 UTC] [INFO] Processing setting key: infocard_desc_margin_tablet (array value)
[02:40:49 UTC] [INFO] Processing widget image replacement for key: infocard_desc_margin_tablet
[02:40:49 UTC] [INFO] No image replacement needed for key: infocard_desc_margin_tablet - using default case
[02:40:49 UTC] [INFO] Processing setting key: infocard_cta_margin (array value)
[02:40:49 UTC] [INFO] Processing widget image replacement for key: infocard_cta_margin
[02:40:49 UTC] [INFO] No image replacement needed for key: infocard_cta_margin - using default case
[02:40:49 UTC] [INFO] Widget has 0 child elements - processing recursively
[02:40:49 UTC] [INFO] Processing Elementor widgets - Total widgets at this level: 0
[02:40:49 UTC] [INFO] Completed processing 0 widgets at this level
[02:40:49 UTC] [INFO] Completed processing 2 widgets at this level
[02:40:49 UTC] [INFO] Completed processing 3 widgets at this level
[02:40:49 UTC] [INFO] Successfully updated Elementor data for post ID: 24
[02:40:49 UTC] [INFO] Cleared Elementor cache for post ID: 24
[02:40:49 UTC] [INFO] Updated page content | Context: {"post_id":24}
[02:40:49 UTC] [SUCCESS] Page image replacement completed | Context: {"success_count":4}
[02:40:49 UTC] [INFO] Image replacement step complete: pages
[02:40:49 UTC] [SUCCESS] Pages are replaced
[02:40:52 UTC] [INFO] ---

[02:40:52 UTC] [INFO] Starting image replacement batch processing - step: posts
[02:40:52 UTC] [INFO] Starting post image replacement | Context: {"post_count":1}
[02:40:52 UTC] [SUCCESS] Successfully set featured image | Context: {"post_id":1,"attachment_id":15}
[02:40:52 UTC] [SUCCESS] Post image replacement completed | Context: {"processed_count":1}
[02:40:52 UTC] [INFO] Image replacement step complete: posts
[02:40:52 UTC] [SUCCESS] Posts are replaced
[02:40:54 UTC] [INFO] ---

[02:40:54 UTC] [INFO] Starting image replacement batch processing - step: customizer
[02:40:54 UTC] [INFO] Starting customizer image replacement
[02:40:54 UTC] [INFO] Skipping astra option update - image ID is 0
[02:40:54 UTC] [INFO] Updated customizer option | Context: {"option_name":"footer-bg-obj-responsive"}
[02:40:54 UTC] [INFO] Starting social options update | Context: {"options_count":0}
[02:40:54 UTC] [INFO] No social options to update
[02:40:54 UTC] [SUCCESS] Customizer image replacement completed
[02:40:54 UTC] [INFO] Image replacement step complete: customizer
[02:40:54 UTC] [SUCCESS] Customizer images replaced.
[02:40:58 UTC] [INFO] ---

[02:40:58 UTC] [INFO] Starting image replacement batch processing - step: cleanup
[02:40:58 UTC] [INFO] Starting cleanup of old images
[02:40:58 UTC] [INFO] Processing old image URLs | Context: {"old_image_count":0}
[02:40:58 UTC] [INFO] Old images deleted | Context: {"deleted_count":0}
[02:40:58 UTC] [INFO] Cleanup options removed
[02:40:58 UTC] [INFO] Image replacement step complete: cleanup
[02:40:58 UTC] [SUCCESS] Image replacement cleanup complete.
[02:41:00 UTC] [INFO] ---

[02:41:00 UTC] [INFO] Starting import end process
[02:41:00 UTC] [INFO] Finalizing import process
[02:41:00 UTC] [INFO] Setting permalink structure to post name
[02:41:00 UTC] [INFO] Executing import complete actions
[02:41:00 UTC] [SUCCESS] Import completed successfully!
[02:41:06 UTC] [INFO] ---

[02:41:06 UTC] [INFO] Setting site data: site-colors
[02:41:08 UTC] [INFO] ---

[02:41:08 UTC] [INFO] Setting site data: site-title
[02:41:11 UTC] [INFO] ---

[02:41:11 UTC] [INFO] Setting site data: site-typography
[02:41:16 UTC] [INFO] ---

[02:41:16 UTC] [SUCCESS] Import completed successfully!
[02:41:21 UTC] [INFO] Import process completed. Cleaning up log file option.